temperature,humidity,heatIndex
22.5,24,21.43

temperature,humidity,heatIndex
21.5,24,20.33

21.5,24,20.33

21.5,24,20.33

21.5,24,20.33

21.5,24,20.33

21.5,24,20.33

21.5,24,20.33

21.5,24,20.33

21.5,24,20.33

21.5,-2,19.65

temperature,humidity,heatIndex
21.5,24,20.33

21.5,24,20.33

21.5,24,20.33

21.5,24,20.33

21.5,24,20.33

21.5,24,20.33

21.5,24,20.33

21.5,24,20.33

21.5,24,20.33

21.5,24,20.33

21.5,24,20.33

21.5,24,20.33

21.5,24,20.33

temperature,humidity,heatIndex
21.5,24,20.33

21.5,24,20.33

21.5,25,20.36

21.5,25,20.36

21.5,24,20.33

21.5,24,20.33

21.5,24,20.33

21.5,24,20.33

21.5,24,20.33

21.5,25,20.36

temperature,humidity,heatIndex
21.5,24,20.33

21.5,24,20.33

21.5,24,20.33

21.5,24,20.33

21.5,24,20.33

21.5,24,20.33

21.5,23,20.31

22.5,23,21.41

22.5,23,21.41

22.5,22,21.38

22.5,22,21.38

22.5,22,21.38

22.5,22,21.38

22.5,22,21.38

22.5,22,21.38

22.5,22,21.38

22.5,22,21.38

22.5,22,21.38

22.5,22,21.38

22.5,23,21.41

22.5,23,21.41

22.5,23,21.41

22.5,22,21.38

22.5,23,21.41

22.5,23,21.41

22.5,23,21.41

22.5,23,21.41

22.5,23,21.41

22.5,24,21.43

22.5,24,21.43

22.5,24,21.43

22.5,24,21.43

22.5,24,21.43

23.5,24,22.53

22.5,6.8055434924815986e+38,1.7770030230368618e+37

23.5,24,22.53

23.5,25,22.56

23.5,25,22.56

22.5,25,21.46

23.5,25,22.56

22.5,26,21.48

23.5,26,22.58

23.5,25,22.56

23.5,26,22.58

22.5,26,21.48

23.5,26,22.58

23.5,26,22.58

22.5,27,21.51

23.5,27,22.61

23.5,27,22.61

23.5,27,22.61

23.5,27,22.61

23.5,26,22.58

23.5,26,22.58

23.5,27,22.61

23.5,27,22.61

23.5,27,22.61

23.5,27,22.61

23.5,26,22.58

23.5,27,22.61

23.5,27,22.61

23.5,27,22.61

23.5,27,22.61

23.5,27,22.61

23.5,27,22.61

23.5,27,22.61

23.5,27,22.61

23.5,27,22.61

23.5,27,22.61

23.5,27,22.61

23.5,27,22.61

23.5,27,22.61

23.5,27,22.61

23.5,27,22.61

23.5,27,22.61

23.5,27,22.61

23.5,27,22.61

23.5,27,22.61

23.5,27,22.61

23.5,27,22.61

23.5,27,22.61

23.5,27,22.61

23.5,27,22.61

23.5,27,22.61

23.5,27,22.61

23.5,26,22.58

23.5,26,22.58

23.5,26,22.58

23.5,26,22.58

23.5,26,22.58

22.5,27,21.51

23.5,26,22.58

23.5,26,22.58

23.5,26,22.58

23.5,26,22.58

23.5,26,22.58

23.5,26,22.58

23.5,26,22.58

23.5,26,22.58

22.5,27,21.51

22.5,26,21.48

22.5,27,21.51

22.5,27,21.51

22.5,27,21.51

22.5,27,21.51

22.5,26,21.48

22.5,-2,20.75

22.5,27,21.51

22.5,27,21.51

22.5,27,21.51

22.5,27,21.51

22.5,6.8055434924815986e+38,1.7770030230368618e+37

22.5,26,21.48

23.5,26,22.58

22.5,27,21.51

22.5,27,21.51

22.5,27,21.51

22.5,27,21.51

22.5,27,21.51

22.5,27,21.51

22.5,27,21.51

22.5,27,21.51

22.5,26,21.48

22.5,26,21.48

22.5,26,21.48

22.5,26,21.48

22.5,26,21.48

22.5,26,21.48

23.5,25,22.56

23.5,26,22.58

22.5,26,21.48

22.5,26,21.48

22.5,26,21.48

22.5,26,21.48

22.5,26,21.48

22.5,26,21.48

22.5,26,21.48

22.5,26,21.48

22.5,26,21.48

22.5,26,21.48

22.5,26,21.48

22.5,26,21.48

22.5,26,21.48

22.5,26,21.48

22.5,26,21.48

22.5,26,21.48

22.5,26,21.48

22.5,26,21.48

22.5,26,21.48

22.5,26,21.48

22.5,26,21.48

22.5,26,21.48

22.5,26,21.48

22.5,26,21.48

22.5,26,21.48

22.5,26,21.48

22.5,26,21.48

22.5,26,21.48

22.5,26,21.48

22.5,26,21.48

22.5,26,21.48

22.5,26,21.48

22.5,26,21.48

22.5,26,21.48

22.5,26,21.48

22.5,26,21.48

22.5,26,21.48

22.5,26,21.48

22.5,26,21.48

22.5,26,21.48

22.5,26,21.48

22.5,26,21.48

22.5,25,21.46

22.5,25,21.46

22.5,26,21.48

22.5,26,21.48

22.5,25,21.46

22.5,26,21.48

22.5,26,21.48

22.5,26,21.48

22.5,25,21.46

22.5,25,21.46

22.5,26,21.48

22.5,26,21.48

22.5,26,21.48

22.5,25,21.46

22.5,26,21.48

22.5,26,21.48

22.5,26,21.48

21.5,26,20.38

21.5,26,20.38

21.5,26,20.38

21.5,27,20.41

21.5,27,20.41

21.5,27,20.41

21.5,27,20.41

21.5,27,20.41

21.5,27,20.41

21.5,27,20.41

21.5,27,20.41

21.5,27,20.41

21.5,27,20.41

21.5,27,20.41

21.5,27,20.41

20.5,26,19.28

21.5,28,20.44

20.5,27,19.31

20.5,27,19.31

20.5,27,19.31

20.5,27,19.31

20.5,27,19.31

21.5,27,20.41

21.5,27,20.41

21.5,27,20.41

21.5,27,20.41

21.5,27,20.41

21.5,27,20.41

21.5,27,20.41

21.5,26,20.38

21.5,26,20.38

21.5,26,20.38

21.5,26,20.38

21.5,26,20.38

21.5,26,20.38

21.5,26,20.38

21.5,26,20.38

21.5,26,20.38

22.5,26,21.48

21.5,25,20.36

21.5,25,20.36

22.5,25,21.46

21.5,25,20.36

21.5,25,20.36

21.5,25,20.36

22.5,25,21.46

21.5,25,20.36

21.5,25,20.36

22.5,25,21.46

22.5,25,21.46

22.5,25,21.46

21.5,25,20.36

21.5,25,20.36

22.5,25,21.46

22.5,25,21.46

5.84860318145363e+38,6.805646932770577e+38,-5.675037339705017e+149

21.5,25,20.36

21.5,25,20.36

21.5,25,20.36

22.5,25,21.46

22.5,24,21.43

22.5,24,21.43

22.5,24,21.43

22.5,24,21.43

22.5,24,21.43

22.5,25,21.46

22.5,25,21.46

22.5,25,21.46

22.5,25,21.46

22.5,25,21.46

22.5,25,21.46

22.5,25,21.46

21.5,24,20.33

22.5,24,21.43

22.5,24,21.43

22.5,25,21.46

21.5,25,20.36

22.5,25,21.46

22.5,25,21.46

22.5,25,21.46

22.5,24,21.43

22.5,24,21.43

22.5,24,21.43

22.5,24,21.43

22.5,24,21.43

22.5,24,21.43

22.5,24,21.43

22.5,24,21.43

22.5,24,21.43

22.5,24,21.43

22.5,24,21.43

22.5,24,21.43

22.5,24,21.43

22.5,24,21.43

22.5,24,21.43

22.5,24,21.43

22.5,24,21.43

22.5,24,21.43

22.5,24,21.43

22.5,24,21.43

22.5,24,21.43

22.5,24,21.43

22.5,24,21.43

22.5,24,21.43

22.5,24,21.43

22.5,24,21.43

21.5,24,20.33

22.5,24,21.43

22.5,24,21.43

22.5,24,21.43

22.5,24,21.43

22.5,24,21.43

21.5,24,20.33

21.5,24,20.33

22.5,24,21.43

22.5,24,21.43

21.5,24,20.33

22.5,24,21.43

22.5,24,21.43

21.5,24,20.33

21.5,24,20.33

22.5,24,21.43

21.5,25,20.36

21.5,24,20.33

22.5,24,21.43

21.5,24,20.33

22.5,24,21.43

22.5,24,21.43

22.5,24,21.43

22.5,24,21.43

21.5,24,20.33

21.5,24,20.33

21.5,24,20.33

21.5,24,20.33

22.5,24,21.43

22.5,24,21.43

21.5,24,20.33

21.5,24,20.33

22.5,24,21.43

21.5,24,20.33

21.5,24,20.33

21.5,24,20.33

21.5,24,20.33

22.5,24,21.43

22.5,24,21.43

22.5,24,21.43

22.5,24,21.43

22.5,24,21.43

21.5,24,20.33

21.5,24,20.33

21.5,24,20.33

21.5,24,20.33

21.5,24,20.33

21.5,24,20.33

21.5,24,20.33

22.5,24,21.43

21.5,24,20.33

21.5,24,20.33

21.5,25,20.36

21.5,24,20.33

21.5,24,20.33

21.5,24,20.33

21.5,24,20.33

21.5,24,20.33

21.5,24,20.33

21.5,24,20.33

21.5,25,20.36

21.5,24,20.33

21.5,24,20.33

21.5,24,20.33

21.5,24,20.33

22.5,24,21.43

21.5,24,20.33

21.5,24,20.33

21.5,24,20.33

21.5,25,20.36

21.5,24,20.33

21.5,24,20.33

21.5,24,20.33

21.5,24,20.33

21.5,24,20.33

21.5,24,20.33

21.5,24,20.33

21.5,24,20.33

21.5,24,20.33

21.5,24,20.33

21.5,25,20.36

21.5,24,20.33

21.5,24,20.33

21.5,24,20.33

21.5,24,20.33

21.5,24,20.33

21.5,24,20.33

21.5,25,20.36

21.5,24,20.33

21.5,24,20.33

21.5,24,20.33

21.5,24,20.33

21.5,24,20.33

21.5,24,20.33

21.5,24,20.33

21.5,25,20.36

21.5,25,20.36

21.5,24,20.33

21.5,25,20.36

21.5,24,20.33

21.5,24,20.33

21.5,24,20.33

21.5,25,20.36

21.5,24,20.33

21.5,24,20.33

21.5,25,20.36

21.5,24,20.33

21.5,24,20.33

21.5,25,20.36

21.5,25,20.36

21.5,25,20.36

21.5,25,20.36

21.5,25,20.36

21.5,25,20.36

21.5,25,20.36

21.5,25,20.36

21.5,25,20.36

21.5,25,20.36

21.5,25,20.36

21.5,25,20.36

21.5,25,20.36

21.5,25,20.36

21.5,25,20.36

21.5,25,20.36

21.5,25,20.36

21.5,25,20.36

21.5,25,20.36

21.5,25,20.36

21.5,25,20.36

21.5,25,20.36

21.5,25,20.36

21.5,25,20.36

21.5,25,20.36

21.5,25,20.36

21.5,25,20.36

21.5,25,20.36

21.5,25,20.36

21.5,25,20.36

21.5,25,20.36

21.5,25,20.36

21.5,25,20.36

21.5,25,20.36

21.5,25,20.36

21.5,25,20.36

21.5,25,20.36

21.5,25,20.36

21.5,25,20.36

21.5,25,20.36

21.5,25,20.36

21.5,25,20.36

21.5,25,20.36

21.5,25,20.36

21.5,25,20.36

21.5,25,20.36

21.5,25,20.36

21.5,25,20.36

21.5,25,20.36

21.5,25,20.36

21.5,25,20.36

21.5,25,20.36

21.5,25,20.36

21.5,25,20.36

21.5,25,20.36

21.5,25,20.36

21.5,25,20.36

21.5,25,20.36

21.5,25,20.36

21.5,25,20.36

21.5,25,20.36

21.5,25,20.36

21.5,25,20.36

21.5,25,20.36

21.5,25,20.36

21.5,25,20.36

21.5,25,20.36

21.5,25,20.36

21.5,25,20.36

21.5,25,20.36

21.5,25,20.36

21.5,25,20.36

21.5,25,20.36

21.5,25,20.36

21.5,25,20.36

21.5,25,20.36

21.5,25,20.36

21.5,25,20.36

21.5,25,20.36

21.5,25,20.36

21.5,25,20.36

21.5,25,20.36

21.5,25,20.36

21.5,25,20.36

21.5,25,20.36

21.5,-2,19.65

21.5,25,20.36

21.5,25,20.36

21.5,25,20.36

21.5,25,20.36

21.5,25,20.36

21.5,25,20.36

21.5,25,20.36

21.5,25,20.36

21.5,25,20.36

21.5,25,20.36

21.5,26,20.38

21.5,25,20.36

21.5,26,20.38

21.5,26,20.38

21.5,25,20.36

21.5,26,20.38

21.5,26,20.38

21.5,26,20.38

21.5,26,20.38

21.5,25,20.36

21.5,25,20.36

21.5,26,20.38

21.5,26,20.38

21.5,25,20.36

21.5,25,20.36

21.5,26,20.38

21.5,25,20.36

21.5,26,20.38

21.5,26,20.38

21.5,26,20.38

21.5,26,20.38

21.5,25,20.36

21.5,26,20.38

21.5,26,20.38

21.5,26,20.38

21.5,26,20.38

21.5,26,20.38

21.5,26,20.38

21.5,26,20.38

21.5,26,20.38

21.5,26,20.38

21.5,26,20.38

21.5,26,20.38

21.5,26,20.38

21.5,26,20.38

21.5,26,20.38

21.5,26,20.38

21.5,26,20.38

21.5,26,20.38

21.5,26,20.38

21.5,26,20.38

21.5,26,20.38

21.5,26,20.38

21.5,26,20.38

21.5,26,20.38

21.5,26,20.38

21.5,26,20.38

21.5,26,20.38

21.5,26,20.38

21.5,26,20.38

21.5,26,20.38

21.5,26,20.38

21.5,26,20.38

21.5,26,20.38

21.5,26,20.38

21.5,26,20.38

21.5,26,20.38

21.5,26,20.38

21.5,26,20.38

21.5,26,20.38

21.5,26,20.38

21.5,25,20.36

21.5,25,20.36

21.5,25,20.36

21.5,25,20.36

21.5,25,20.36

21.5,25,20.36

21.5,25,20.36

21.5,25,20.36

21.5,25,20.36

21.5,25,20.36

21.5,25,20.36

21.5,26,20.38

21.5,25,20.36

21.5,25,20.36

21.5,25,20.36

21.5,25,20.36

21.5,25,20.36

21.5,25,20.36

21.5,25,20.36

21.5,25,20.36

21.5,25,20.36

21.5,25,20.36

21.5,25,20.36

21.5,25,20.36

6.779062778503071e+38,6.805646932770577e+38,-7.62436576475865e+149

21.5,25,20.36

21.5,25,20.36

21.5,25,20.36

21.5,25,20.36

21.5,25,20.36

21.5,25,20.36

21.5,25,20.36

21.5,25,20.36

21.5,25,20.36

21.5,25,20.36

21.5,25,20.36

21.5,25,20.36

21.5,25,20.36

21.5,25,20.36

21.5,25,20.36

21.5,25,20.36

21.5,25,20.36

21.5,25,20.36

21.5,25,20.36

21.5,25,20.36

21.5,25,20.36

21.5,25,20.36

21.5,25,20.36

21.5,25,20.36

21.5,25,20.36

21.5,25,20.36

21.5,25,20.36

21.5,25,20.36

21.5,25,20.36

22.5,25,21.46

22.5,25,21.46

22.5,25,21.46

21.5,25,20.36

21.5,25,20.36

21.5,25,20.36

21.5,25,20.36

21.5,25,20.36

21.5,25,20.36

21.5,25,20.36

21.5,25,20.36

21.5,25,20.36

22.5,25,21.46

22.5,25,21.46

22.5,25,21.46

22.5,25,21.46

22.5,25,21.46

21.5,25,20.36

22.5,25,21.46

22.5,25,21.46

22.5,25,21.46

22.5,25,21.46

22.5,25,21.46

22.5,25,21.46

22.5,25,21.46

22.5,25,21.46

22.5,25,21.46

22.5,25,21.46

22.5,25,21.46

22.5,25,21.46

22.5,24,21.43

22.5,25,21.46

22.5,25,21.46

22.5,24,21.43

22.5,25,21.46

22.5,25,21.46

22.5,25,21.46

22.5,24,21.43

22.5,24,21.43

22.5,24,21.43

22.5,24,21.43

22.5,24,21.43

22.5,24,21.43

22.5,24,21.43

22.5,24,21.43

22.5,24,21.43

22.5,24,21.43

22.5,24,21.43

22.5,24,21.43

22.5,24,21.43

22.5,24,21.43

22.5,24,21.43

22.5,24,21.43

22.5,24,21.43

22.5,24,21.43

22.5,24,21.43

22.5,24,21.43

22.5,24,21.43

22.5,24,21.43

22.5,24,21.43

22.5,24,21.43

22.5,24,21.43

22.5,24,21.43

22.5,24,21.43

22.5,24,21.43

22.5,24,21.43

22.5,24,21.43

22.5,24,21.43

22.5,24,21.43

22.5,24,21.43

22.5,24,21.43

22.5,24,21.43

22.5,24,21.43

22.5,24,21.43

22.5,24,21.43

22.5,24,21.43

22.5,24,21.43

22.5,24,21.43

22.5,24,21.43

22.5,24,21.43

22.5,24,21.43

22.5,24,21.43

22.5,24,21.43

22.5,24,21.43

22.5,24,21.43

22.5,24,21.43

22.5,24,21.43

22.5,24,21.43

22.5,24,21.43

22.5,24,21.43

22.5,24,21.43

22.5,24,21.43

22.5,24,21.43

22.5,24,21.43

22.5,24,21.43

22.5,24,21.43

22.5,24,21.43

22.5,24,21.43

22.5,24,21.43

22.5,24,21.43

22.5,24,21.43

22.5,24,21.43

22.5,24,21.43

22.5,24,21.43

22.5,24,21.43

22.5,24,21.43

22.5,24,21.43

22.5,24,21.43

22.5,24,21.43

22.5,24,21.43

22.5,24,21.43

22.5,24,21.43

22.5,24,21.43

22.5,24,21.43

22.5,24,21.43

22.5,24,21.43

22.5,24,21.43

22.5,24,21.43

22.5,24,21.43

22.5,24,21.43

22.5,24,21.43

22.5,23,21.41

23.5,23,22.51

22.5,23,21.41

22.5,24,21.43

22.5,24,21.43

22.5,23,21.41

23.5,23,22.51

22.5,23,21.41

22.5,23,21.41

22.5,23,21.41

23.5,23,22.51

23.5,23,22.51

23.5,23,22.51

23.5,23,22.51

23.5,23,22.51

23.5,23,22.51

23.5,23,22.51

23.5,23,22.51

23.5,23,22.51

23.5,23,22.51

23.5,23,22.51

23.5,23,22.51

23.5,23,22.51

23.5,23,22.51

23.5,23,22.51

23.5,23,22.51

23.5,23,22.51

23.5,23,22.51

23.5,23,22.51

23.5,23,22.51

23.5,23,22.51

23.5,23,22.51

23.5,23,22.51

23.5,23,22.51

23.5,23,22.51

23.5,23,22.51

23.5,23,22.51

23.5,23,22.51

23.5,23,22.51

23.5,23,22.51

23.5,23,22.51

23.5,23,22.51

23.5,23,22.51

23.5,23,22.51

23.5,23,22.51

23.5,23,22.51

23.5,23,22.51

23.5,23,22.51

23.5,23,22.51

23.5,23,22.51

23.5,23,22.51

23.5,23,22.51

23.5,23,22.51

23.5,23,22.51

23.5,23,22.51

23.5,23,22.51

23.5,23,22.51

23.5,23,22.51

23.5,23,22.51

23.5,23,22.51

23.5,23,22.51

23.5,23,22.51

23.5,23,22.51

23.5,23,22.51

23.5,23,22.51

23.5,23,22.51

23.5,23,22.51

23.5,23,22.51

23.5,23,22.51

6.8055434924815986e+38,6.805646932770577e+38,-7.684047460884767e+149

23.5,23,22.51

23.5,23,22.51

23.5,23,22.51

23.5,23,22.51

23.5,22,22.48

23.5,22,22.48

23.5,22,22.48

23.5,22,22.48

23.5,22,22.48

24.5,21,23.55

24.5,21,23.55

24.5,21,23.55

24.5,22,23.58

23.5,22,22.48

23.5,22,22.48

23.5,22,22.48

23.5,22,22.48

23.5,22,22.48

24.5,22,23.58

24.5,21,23.55

24.5,22,23.58

24.5,22,23.58

24.5,22,23.58

24.5,21,23.55

24.5,22,23.58

24.5,22,23.58

23.5,22,22.48

24.5,22,23.58

24.5,22,23.58

24.5,22,23.58

24.5,22,23.58

24.5,22,23.58

24.5,21,23.55

24.5,21,23.55

24.5,21,23.55

24.5,21,23.55

24.5,21,23.55

24.5,21,23.55

24.5,22,23.58

24.5,21,23.55

24.5,21,23.55

24.5,22,23.58

24.5,21,23.55

24.5,21,23.55

24.5,21,23.55

24.5,21,23.55

24.5,21,23.55

24.5,21,23.55

24.5,22,23.58

24.5,21,23.55

24.5,21,23.55

24.5,21,23.55

24.5,21,23.55

24.5,21,23.55

24.5,21,23.55

24.5,21,23.55

24.5,21,23.55

24.5,21,23.55

24.5,21,23.55

24.5,21,23.55

24.5,21,23.55

24.5,21,23.55

24.5,20,23.53

6.0612796607792164e+38,6.805646932770577e+38,-6.095271509653421e+149

24.5,21,23.55

24.5,21,23.55

24.5,21,23.55

24.5,20,23.53

24.5,21,23.55

24.5,21,23.55

24.5,21,23.55

24.5,21,23.55

24.5,21,23.55

25.5,21,24.65

25.5,21,24.65

24.5,20,23.53

24.5,20,23.53

24.5,20,23.53

24.5,20,23.53

24.5,21,23.55

24.5,21,23.55

24.5,21,23.55

24.5,21,23.55

24.5,21,23.55

24.5,21,23.55

24.5,21,23.55

24.5,21,23.55

24.5,21,23.55

24.5,21,23.55

24.5,21,23.55

24.5,21,23.55

24.5,21,23.55

24.5,21,23.55

24.5,21,23.55

24.5,21,23.55

24.5,21,23.55

24.5,21,23.55

24.5,20,23.53

24.5,20,23.53

24.5,20,23.53

24.5,20,23.53

24.5,20,23.53

24.5,20,23.53

24.5,20,23.53

24.5,21,23.55

24.5,21,23.55

24.5,21,23.55

24.5,21,23.55

24.5,21,23.55

24.5,21,23.55

24.5,21,23.55

24.5,21,23.55

24.5,21,23.55

24.5,21,23.55

24.5,21,23.55

24.5,21,23.55

24.5,21,23.55

24.5,21,23.55

24.5,21,23.55

24.5,22,23.58

24.5,21,23.55

24.5,22,23.58

24.5,22,23.58

24.5,22,23.58

24.5,22,23.58

24.5,22,23.58

24.5,22,23.58

24.5,22,23.58

24.5,22,23.58

24.5,22,23.58

24.5,22,23.58

24.5,22,23.58

24.5,22,23.58

24.5,22,23.58

24.5,22,23.58

24.5,22,23.58

24.5,22,23.58

24.5,22,23.58

24.5,22,23.58

24.5,22,23.58

24.5,22,23.58

24.5,22,23.58

24.5,22,23.58

24.5,22,23.58

24.5,22,23.58

24.5,22,23.58

24.5,22,23.58

23.5,23,22.51

23.5,23,22.51

23.5,23,22.51

23.5,22,22.48

23.5,22,22.48

24.5,22,23.58

23.5,23,22.51

23.5,23,22.51

23.5,23,22.51

23.5,23,22.51

23.5,22,22.48

23.5,23,22.51

23.5,23,22.51

23.5,23,22.51

23.5,23,22.51

23.5,23,22.51

23.5,23,22.51

23.5,23,22.51

23.5,23,22.51

23.5,23,22.51

23.5,23,22.51

23.5,23,22.51

23.5,23,22.51

23.5,23,22.51

23.5,23,22.51

23.5,23,22.51

23.5,23,22.51

23.5,23,22.51

23.5,23,22.51

23.5,23,22.51

23.5,23,22.51

23.5,23,22.51

23.5,23,22.51

23.5,23,22.51

23.5,23,22.51

23.5,23,22.51

23.5,23,22.51

23.5,23,22.51

23.5,23,22.51

23.5,23,22.51

23.5,23,22.51

23.5,23,22.51

23.5,23,22.51

23.5,23,22.51

23.5,23,22.51

23.5,23,22.51

23.5,23,22.51

23.5,23,22.51

23.5,23,22.51

23.5,24,22.53

23.5,23,22.51

23.5,24,22.53

23.5,23,22.51

23.5,24,22.53

23.5,24,22.53

23.5,23,22.51

23.5,23,22.51

23.5,24,22.53

23.5,23,22.51

23.5,24,22.53

23.5,24,22.53

23.5,24,22.53

23.5,24,22.53

23.5,24,22.53

23.5,24,22.53

23.5,24,22.53

23.5,24,22.53

23.5,24,22.53

23.5,24,22.53

23.5,24,22.53

23.5,24,22.53

23.5,24,22.53

23.5,24,22.53

23.5,24,22.53

23.5,24,22.53

23.5,24,22.53

23.5,24,22.53

23.5,24,22.53

23.5,24,22.53

23.5,24,22.53

23.5,24,22.53

23.5,-2,21.85

23.5,24,22.53

23.5,24,22.53

23.5,24,22.53

23.5,24,22.53

23.5,24,22.53

23.5,24,22.53

23.5,24,22.53

23.5,24,22.53

23.5,24,22.53

23.5,24,22.53

23.5,24,22.53

23.5,24,22.53

23.5,24,22.53

23.5,24,22.53

23.5,24,22.53

23.5,24,22.53

23.5,24,22.53

23.5,25,22.56

23.5,24,22.53

23.5,25,22.56

23.5,25,22.56

23.5,25,22.56

23.5,25,22.56

22.5,25,21.46

23.5,25,22.56

23.5,25,22.56

23.5,25,22.56

23.5,25,22.56

23.5,25,22.56

23.5,25,22.56

23.5,25,22.56

23.5,25,22.56

22.5,25,21.46

23.5,25,22.56

22.5,25,21.46

23.5,25,22.56

23.5,25,22.56

22.5,25,21.46

22.5,25,21.46

22.5,25,21.46

23.5,25,22.56

23.5,25,22.56

22.5,25,21.46

22.5,25,21.46

23.5,25,22.56

23.5,25,22.56

23.5,25,22.56

22.5,25,21.46

22.5,25,21.46

22.5,25,21.46

22.5,25,21.46

23.5,25,22.56

22.5,25,21.46

23.5,25,22.56

22.5,25,21.46

22.5,25,21.46

22.5,25,21.46

22.5,25,21.46

22.5,25,21.46

22.5,25,21.46

22.5,25,21.46

22.5,25,21.46

22.5,25,21.46

22.5,25,21.46

22.5,25,21.46

22.5,25,21.46

22.5,25,21.46

22.5,25,21.46

22.5,25,21.46

22.5,25,21.46

22.5,25,21.46

22.5,25,21.46

22.5,25,21.46

22.5,25,21.46

22.5,25,21.46

22.5,25,21.46

22.5,25,21.46

22.5,25,21.46

22.5,25,21.46

22.5,25,21.46

22.5,25,21.46

22.5,25,21.46

22.5,25,21.46

22.5,26,21.48

22.5,26,21.48

22.5,26,21.48

22.5,25,21.46

22.5,25,21.46

22.5,26,21.48

22.5,26,21.48

22.5,26,21.48

22.5,26,21.48

22.5,26,21.48

22.5,26,21.48

22.5,25,21.46

22.5,25,21.46

22.5,25,21.46

22.5,25,21.46

22.5,25,21.46

22.5,25,21.46

22.5,26,21.48

22.5,26,21.48

22.5,26,21.48

22.5,26,21.48

22.5,26,21.48

22.5,26,21.48

22.5,25,21.46

22.5,25,21.46

22.5,26,21.48

22.5,26,21.48

22.5,26,21.48

22.5,26,21.48

22.5,26,21.48

22.5,25,21.46

22.5,25,21.46

22.5,26,21.48

22.5,26,21.48

22.5,26,21.48

22.5,26,21.48

22.5,26,21.48

22.5,26,21.48

22.5,26,21.48

22.5,26,21.48

22.5,26,21.48

22.5,26,21.48

22.5,26,21.48

22.5,26,21.48

22.5,26,21.48

22.5,26,21.48

22.5,26,21.48

22.5,26,21.48

22.5,26,21.48

22.5,26,21.48

22.5,26,21.48

22.5,26,21.48

22.5,26,21.48

22.5,26,21.48

22.5,26,21.48

22.5,26,21.48

22.5,26,21.48

-0.5,6.805646932770577e+38,1.7770300324456506e+37

22.5,26,21.48

22.5,26,21.48

22.5,26,21.48

22.5,26,21.48

22.5,26,21.48

22.5,26,21.48

22.5,26,21.48

22.5,26,21.48

22.5,26,21.48

22.5,26,21.48

22.5,26,21.48

22.5,26,21.48

22.5,26,21.48

22.5,26,21.48

22.5,26,21.48

22.5,26,21.48

22.5,26,21.48

22.5,26,21.48

22.5,26,21.48

22.5,26,21.48

22.5,25,21.46

22.5,25,21.46

22.5,25,21.46

22.5,26,21.48

22.5,26,21.48

22.5,25,21.46

22.5,25,21.46

22.5,26,21.48

22.5,25,21.46

22.5,25,21.46

22.5,25,21.46

22.5,25,21.46

22.5,26,21.48

22.5,25,21.46

22.5,25,21.46

22.5,25,21.46

22.5,26,21.48

22.5,26,21.48

22.5,25,21.46

22.5,26,21.48

22.5,26,21.48

22.5,26,21.48

22.5,26,21.48

22.5,26,21.48

22.5,26,21.48

22.5,26,21.48

22.5,26,21.48

22.5,26,21.48

22.5,6.779062778503071e+38,1.770088614386913e+37

22.5,25,21.46

22.5,26,21.48

22.5,26,21.48

22.5,26,21.48

22.5,26,21.48

22.5,26,21.48

22.5,26,21.48

22.5,26,21.48

22.5,26,21.48

22.5,26,21.48

22.5,26,21.48

22.5,26,21.48

22.5,26,21.48

22.5,26,21.48

22.5,26,21.48

22.5,26,21.48

22.5,26,21.48

22.5,26,21.48

22.5,26,21.48

22.5,26,21.48

22.5,26,21.48

22.5,26,21.48

22.5,26,21.48

22.5,25,21.46

22.5,26,21.48

22.5,26,21.48

22.5,26,21.48

22.5,26,21.48

22.5,25,21.46

22.5,25,21.46

22.5,26,21.48

22.5,26,21.48

22.5,26,21.48

22.5,26,21.48

22.5,26,21.48

22.5,26,21.48

22.5,26,21.48

22.5,26,21.48

22.5,26,21.48

22.5,26,21.48

22.5,26,21.48

22.5,26,21.48

22.5,26,21.48

22.5,26,21.48

22.5,26,21.48

22.5,26,21.48

22.5,26,21.48

22.5,26,21.48

22.5,26,21.48

22.5,26,21.48

22.5,26,21.48

22.5,26,21.48

22.5,26,21.48

22.5,26,21.48

22.5,26,21.48

22.5,26,21.48

22.5,26,21.48

22.5,26,21.48

22.5,26,21.48

22.5,26,21.48

22.5,26,21.48

22.5,26,21.48

22.5,26,21.48

22.5,26,21.48

22.5,26,21.48

22.5,26,21.48

22.5,26,21.48

22.5,26,21.48

22.5,26,21.48

22.5,26,21.48

22.5,26,21.48

22.5,26,21.48

22.5,26,21.48

22.5,26,21.48

22.5,26,21.48

22.5,26,21.48

22.5,26,21.48

22.5,26,21.48

22.5,26,21.48

22.5,26,21.48

22.5,26,21.48

22.5,26,21.48

22.5,26,21.48

22.5,26,21.48

22.5,26,21.48

22.5,26,21.48

22.5,26,21.48

22.5,26,21.48

22.5,26,21.48

22.5,26,21.48

22.5,26,21.48

22.5,26,21.48

22.5,26,21.48

22.5,26,21.48

22.5,26,21.48

22.5,26,21.48

22.5,26,21.48

22.5,26,21.48

22.5,26,21.48

22.5,26,21.48

22.5,26,21.48

22.5,26,21.48

22.5,26,21.48

22.5,26,21.48

22.5,26,21.48

22.5,26,21.48

22.5,26,21.48

22.5,26,21.48

22.5,26,21.48

22.5,26,21.48

22.5,26,21.48

22.5,26,21.48

22.5,26,21.48

22.5,26,21.48

22.5,26,21.48

22.5,26,21.48

22.5,26,21.48

22.5,26,21.48

22.5,6.8055434924815986e+38,1.7770030230368618e+37

22.5,26,21.48

22.5,26,21.48

22.5,26,21.48

22.5,26,21.48

22.5,26,21.48

22.5,26,21.48

22.5,26,21.48

22.5,26,21.48

22.5,26,21.48

22.5,27,21.51

22.5,26,21.48

22.5,27,21.51

22.5,27,21.51

22.5,26,21.48

22.5,26,21.48

22.5,26,21.48

22.5,26,21.48

22.5,26,21.48

22.5,26,21.48

22.5,26,21.48

22.5,26,21.48

22.5,26,21.48

22.5,26,21.48

22.5,27,21.51

22.5,27,21.51

22.5,27,21.51

22.5,27,21.51

22.5,26,21.48

22.5,26,21.48

22.5,26,21.48

22.5,27,21.51

22.5,27,21.51

22.5,27,21.51

22.5,27,21.51

22.5,27,21.51

22.5,27,21.51

22.5,26,21.48

22.5,26,21.48

22.5,26,21.48

22.5,26,21.48

22.5,26,21.48

22.5,26,21.48

22.5,26,21.48

22.5,26,21.48

22.5,26,21.48

22.5,26,21.48

22.5,26,21.48

6.8055434924815986e+38,6.805646932770577e+38,-7.684047460884767e+149

22.5,26,21.48

22.5,26,21.48

22.5,26,21.48

22.5,26,21.48

23.5,26,22.58

23.5,26,22.58

23.5,26,22.58

23.5,26,22.58

23.5,26,22.58

23.5,26,22.58

23.5,26,22.58

23.5,26,22.58

23.5,26,22.58

23.5,26,22.58

23.5,26,22.58

23.5,26,22.58

23.5,26,22.58

23.5,26,22.58

23.5,26,22.58

23.5,27,22.61

23.5,27,22.61

23.5,27,22.61

23.5,27,22.61

23.5,27,22.61

23.5,27,22.61

23.5,27,22.61

23.5,27,22.61

23.5,27,22.61

23.5,27,22.61

23.5,27,22.61

23.5,27,22.61

23.5,27,22.61

23.5,27,22.61

23.5,27,22.61

23.5,27,22.61

23.5,27,22.61

23.5,27,22.61

23.5,27,22.61

23.5,27,22.61

23.5,27,22.61

23.5,27,22.61

23.5,27,22.61

23.5,27,22.61

23.5,27,22.61

23.5,27,22.61

23.5,27,22.61

23.5,27,22.61

23.5,27,22.61

23.5,27,22.61

23.5,27,22.61

23.5,27,22.61

23.5,27,22.61

23.5,27,22.61

23.5,27,22.61

23.5,27,22.61

23.5,27,22.61

23.5,27,22.61

23.5,27,22.61

23.5,27,22.61

23.5,27,22.61

23.5,27,22.61

23.5,27,22.61

23.5,27,22.61

23.5,27,22.61

24.5,26,23.68

23.5,26,22.58

23.5,27,22.61

23.5,27,22.61

23.5,27,22.61

23.5,27,22.61

23.5,27,22.61

23.5,27,22.61

23.5,27,22.61

23.5,27,22.61

23.5,27,22.61

23.5,27,22.61

23.5,27,22.61

23.5,27,22.61

24.5,27,23.71

23.5,28,22.64

24.5,28,23.74

23.5,28,22.64

24.5,28,23.74

23.5,28,22.64

24.5,29,23.76

24.5,29,23.76

23.5,29,22.66

23.5,29,22.66

24.5,29,23.76

24.5,29,23.76

24.5,29,23.76

24.5,29,23.76

24.5,30,23.79

24.5,30,23.79

24.5,30,23.79

24.5,30,23.79

24.5,30,23.79

24.5,29,23.76

24.5,29,23.76

24.5,29,23.76

24.5,28,23.74

24.5,28,23.74

24.5,28,23.74

24.5,28,23.74

24.5,28,23.74

24.5,27,23.71

24.5,27,23.71

24.5,27,23.71

24.5,27,23.71

24.5,27,23.71

24.5,27,23.71

24.5,27,23.71

24.5,27,23.71

24.5,26,23.68

24.5,27,23.71

24.5,26,23.68

24.5,26,23.68

24.5,26,23.68

24.5,26,23.68

24.5,25,23.66

24.5,25,23.66

24.5,25,23.66

24.5,25,23.66

24.5,25,23.66

24.5,25,23.66

24.5,25,23.66

24.5,25,23.66

24.5,25,23.66

24.5,25,23.66

24.5,24,23.63

24.5,24,23.63

24.5,24,23.63

24.5,24,23.63

24.5,24,23.63

24.5,24,23.63

24.5,24,23.63

24.5,24,23.63

24.5,24,23.63

24.5,24,23.63

24.5,24,23.63

24.5,24,23.63

24.5,24,23.63

24.5,23,23.61

25.5,24,24.73

25.5,24,24.73

24.5,23,23.61

25.5,24,24.73

25.5,24,24.73

25.5,24,24.73

25.5,24,24.73

25.5,24,24.73

25.5,24,24.73

25.5,24,24.73

25.5,24,24.73

25.5,24,24.73

25.5,24,24.73

25.5,23,24.71

25.5,23,24.71

25.5,23,24.71

25.5,23,24.71

25.5,24,24.73

25.5,24,24.73

25.5,23,24.71

25.5,23,24.71

25.5,23,24.71

25.5,23,24.71

25.5,23,24.71

24.5,23,23.61

25.5,24,24.73

24.5,22,23.58

25.5,23,24.71

25.5,23,24.71

25.5,23,24.71

25.5,23,24.71

25.5,23,24.71

25.5,23,24.71

25.5,23,24.71

25.5,23,24.71

25.5,23,24.71

25.5,23,24.71

25.5,23,24.71

25.5,23,24.71

25.5,23,24.71

24.5,22,23.58

24.5,22,23.58

24.5,22,23.58

24.5,22,23.58

24.5,22,23.58

25.5,23,24.71

25.5,23,24.71

24.5,22,23.58

24.5,22,23.58

25.5,23,24.71

24.5,22,23.58

25.5,23,24.71

24.5,22,23.58

24.5,22,23.58

25.5,23,24.71

25.5,23,24.71

25.5,23,24.71

24.5,22,23.58

24.5,22,23.58

24.5,22,23.58

24.5,22,23.58

24.5,22,23.58

24.5,22,23.58

24.5,22,23.58

24.5,22,23.58

24.5,22,23.58

24.5,22,23.58

24.5,22,23.58

24.5,22,23.58

24.5,22,23.58

24.5,22,23.58

24.5,22,23.58

24.5,22,23.58

24.5,22,23.58

24.5,22,23.58

24.5,22,23.58

24.5,22,23.58

24.5,22,23.58

24.5,22,23.58

24.5,22,23.58

24.5,22,23.58

24.5,22,23.58

24.5,22,23.58

24.5,22,23.58

24.5,22,23.58

24.5,22,23.58

24.5,22,23.58

24.5,22,23.58

24.5,22,23.58

24.5,22,23.58

24.5,22,23.58

24.5,22,23.58

24.5,22,23.58

24.5,22,23.58

24.5,22,23.58

24.5,22,23.58

24.5,22,23.58

24.5,22,23.58

24.5,22,23.58

24.5,22,23.58

24.5,22,23.58

24.5,22,23.58

24.5,22,23.58

24.5,22,23.58

24.5,22,23.58

24.5,22,23.58

24.5,22,23.58

24.5,22,23.58

24.5,22,23.58

24.5,22,23.58

24.5,22,23.58

24.5,22,23.58

24.5,22,23.58

24.5,22,23.58

24.5,22,23.58

24.5,22,23.58

24.5,22,23.58

24.5,22,23.58

24.5,22,23.58

24.5,22,23.58

6.8055434924815986e+38,6.805646932770577e+38,-7.684047460884767e+149

24.5,22,23.58

24.5,22,23.58

24.5,22,23.58

24.5,22,23.58

24.5,22,23.58

24.5,22,23.58

24.5,22,23.58

24.5,22,23.58

24.5,22,23.58

24.5,22,23.58

24.5,22,23.58

24.5,22,23.58

24.5,22,23.58

24.5,22,23.58

24.5,22,23.58

24.5,22,23.58

24.5,22,23.58

24.5,22,23.58

24.5,22,23.58

24.5,22,23.58

24.5,23,23.61

23.5,22,22.48

24.5,22,23.58

24.5,22,23.58

24.5,22,23.58

24.5,22,23.58

24.5,23,23.61

24.5,23,23.61

24.5,22,23.58

24.5,22,23.58

24.5,22,23.58

24.5,23,23.61

23.5,23,22.51

24.5,23,23.61

24.5,22,23.58

24.5,22,23.58

24.5,23,23.61

24.5,23,23.61

24.5,23,23.61

23.5,23,22.51

23.5,23,22.51

24.5,23,23.61

23.5,23,22.51

23.5,23,22.51

23.5,23,22.51

24.5,23,23.61

23.5,23,22.51

23.5,23,22.51

23.5,23,22.51

23.5,23,22.51

23.5,23,22.51

23.5,23,22.51

23.5,23,22.51

23.5,23,22.51

23.5,23,22.51

23.5,23,22.51

23.5,23,22.51

23.5,23,22.51

23.5,23,22.51

23.5,23,22.51

23.5,23,22.51

23.5,23,22.51

23.5,23,22.51

23.5,23,22.51

23.5,23,22.51

23.5,23,22.51

23.5,23,22.51

23.5,23,22.51

23.5,23,22.51

23.5,23,22.51

23.5,23,22.51

23.5,23,22.51

23.5,23,22.51

23.5,23,22.51

23.5,23,22.51

23.5,23,22.51

23.5,23,22.51

23.5,23,22.51

23.5,23,22.51

23.5,23,22.51

23.5,23,22.51

23.5,23,22.51

23.5,23,22.51

23.5,23,22.51

23.5,23,22.51

23.5,23,22.51

23.5,23,22.51

23.5,23,22.51

23.5,23,22.51

23.5,23,22.51

23.5,23,22.51

23.5,23,22.51

23.5,23,22.51

23.5,23,22.51

23.5,23,22.51

23.5,23,22.51

23.5,23,22.51

23.5,23,22.51

23.5,23,22.51

23.5,23,22.51

23.5,23,22.51

23.5,23,22.51

23.5,23,22.51

23.5,23,22.51

23.5,23,22.51

23.5,23,22.51

23.5,23,22.51

23.5,23,22.51

23.5,23,22.51

23.5,23,22.51

23.5,23,22.51

23.5,23,22.51

23.5,23,22.51

23.5,23,22.51

23.5,23,22.51

23.5,23,22.51

23.5,23,22.51

23.5,23,22.51

23.5,23,22.51

23.5,23,22.51

23.5,23,22.51

23.5,23,22.51

23.5,23,22.51

23.5,23,22.51

23.5,23,22.51

23.5,23,22.51

23.5,23,22.51

23.5,23,22.51

23.5,23,22.51

23.5,23,22.51

23.5,23,22.51

23.5,23,22.51

23.5,23,22.51

23.5,23,22.51

23.5,23,22.51

23.5,23,22.51

6.8055434924815986e+38,6.805646932770577e+38,-7.684047460884767e+149

23.5,23,22.51

6.8055434924815986e+38,6.805646932770577e+38,-7.684047460884767e+149

23.5,23,22.51

23.5,23,22.51

23.5,23,22.51

6.8055434924815986e+38,6.805646932770577e+38,-7.684047460884767e+149

23.5,23,22.51

23.5,23,22.51

23.5,23,22.51

23.5,24,22.53

23.5,23,22.51

23.5,23,22.51

23.5,23,22.51

23.5,23,22.51

23.5,23,22.51

23.5,23,22.51

23.5,24,22.53

23.5,23,22.51

23.5,23,22.51

23.5,23,22.51

23.5,23,22.51

6.8055434924815986e+38,6.805646932770577e+38,-7.684047460884767e+149

23.5,23,22.51

23.5,23,22.51

23.5,24,22.53

23.5,24,22.53

23.5,24,22.53

23.5,23,22.51

23.5,23,22.51

6.8055434924815986e+38,6.805646932770577e+38,-7.684047460884767e+149

23.5,23,22.51

23.5,23,22.51

23.5,23,22.51

23.5,23,22.51

6.8055434924815986e+38,6.805646932770577e+38,-7.684047460884767e+149

23.5,23,22.51

6.8055434924815986e+38,6.805646932770577e+38,-7.684047460884767e+149

23.5,23,22.51

23.5,23,22.51

23.5,23,22.51

23.5,23,22.51

23.5,23,22.51

23.5,23,22.51

23.5,23,22.51

5.954941421116423e+38,6.805646932770577e+38,-5.883278379277664e+149

23.5,23,22.51

23.5,23,22.51

23.5,22,22.48

22.5,23,21.41

22.5,23,21.41

23.5,23,22.51

22.5,23,21.41

23.5,22,22.48

22.5,22,21.38

22.5,22,21.38

23.5,22,22.48

22.5,22,21.38

23.5,22,22.48

23.5,22,22.48

22.5,22,21.38

23.5,21,22.45

22.5,22,21.38

22.5,22,21.38

23.5,21,22.45

23.5,21,22.45

22.5,21,21.35

22.5,21,21.35

22.5,21,21.35

22.5,21,21.35

22.5,21,21.35

22.5,21,21.35

22.5,21,21.35

22.5,21,21.35

22.5,21,21.35

22.5,21,21.35

22.5,21,21.35

22.5,21,21.35

22.5,21,21.35

22.5,21,21.35

22.5,21,21.35

22.5,21,21.35

22.5,21,21.35

22.5,21,21.35

22.5,21,21.35

22.5,21,21.35

22.5,20,21.33

22.5,21,21.35

22.5,21,21.35

22.5,21,21.35

22.5,21,21.35

22.5,21,21.35

22.5,21,21.35

22.5,21,21.35

22.5,21,21.35

22.5,21,21.35

22.5,21,21.35

22.5,21,21.35

22.5,20,21.33

22.5,21,21.35

22.5,21,21.35

22.5,21,21.35

22.5,21,21.35

22.5,21,21.35

22.5,21,21.35

22.5,21,21.35

22.5,21,21.35

22.5,21,21.35

22.5,21,21.35

22.5,21,21.35

22.5,21,21.35

22.5,21,21.35

22.5,21,21.35

22.5,21,21.35

22.5,21,21.35

22.5,21,21.35

22.5,21,21.35

22.5,21,21.35

22.5,21,21.35

22.5,21,21.35

22.5,-2,20.75

22.5,21,21.35

22.5,21,21.35

22.5,21,21.35

22.5,21,21.35

22.5,21,21.35

22.5,21,21.35

22.5,21,21.35

22.5,21,21.35

22.5,21,21.35

22.5,21,21.35

22.5,21,21.35

22.5,21,21.35

22.5,21,21.35

22.5,21,21.35

22.5,21,21.35

22.5,21,21.35

22.5,21,21.35

22.5,21,21.35

22.5,21,21.35

22.5,21,21.35

22.5,21,21.35

22.5,21,21.35

22.5,21,21.35

22.5,20,21.33

22.5,21,21.35

22.5,21,21.35

22.5,21,21.35

22.5,21,21.35

22.5,21,21.35

22.5,21,21.35

22.5,21,21.35

22.5,21,21.35

22.5,21,21.35

22.5,21,21.35

22.5,21,21.35

22.5,20,21.33

22.5,21,21.35

22.5,21,21.35

22.5,21,21.35

22.5,21,21.35

22.5,21,21.35

22.5,20,21.33

22.5,20,21.33

22.5,20,21.33

22.5,20,21.33

22.5,20,21.33

22.5,20,21.33

22.5,20,21.33

22.5,20,21.33

22.5,20,21.33

22.5,20,21.33

22.5,20,21.33

22.5,20,21.33

22.5,20,21.33

22.5,20,21.33

22.5,20,21.33

22.5,20,21.33

22.5,20,21.33

22.5,20,21.33

22.5,20,21.33

22.5,20,21.33

22.5,19,21.3

22.5,19,21.3

22.5,19,21.3

22.5,19,21.3

22.5,19,21.3

22.5,19,21.3

22.5,19,21.3

22.5,19,21.3

22.5,19,21.3

22.5,19,21.3

22.5,19,21.3

22.5,19,21.3

22.5,19,21.3

22.5,19,21.3

22.5,19,21.3

22.5,19,21.3

22.5,19,21.3

6.779062778503071e+38,6.805646932770577e+38,-7.62436576475865e+149

22.5,19,21.3

22.5,19,21.3

22.5,19,21.3

22.5,19,21.3

22.5,19,21.3

22.5,19,21.3

22.5,19,21.3

22.5,19,21.3

22.5,19,21.3

22.5,19,21.3

22.5,19,21.3

22.5,19,21.3

22.5,19,21.3

22.5,19,21.3

22.5,19,21.3

22.5,19,21.3

22.5,19,21.3

22.5,19,21.3

22.5,19,21.3

22.5,19,21.3

22.5,18,21.28

22.5,18,21.28

22.5,18,21.28

22.5,18,21.28

22.5,18,21.28

22.5,18,21.28

22.5,18,21.28

22.5,18,21.28

22.5,18,21.28

22.5,18,21.28

22.5,18,21.28

22.5,18,21.28

22.5,18,21.28

22.5,18,21.28

22.5,18,21.28

22.5,18,21.28

22.5,18,21.28

22.5,18,21.28

22.5,18,21.28

22.5,18,21.28

22.5,18,21.28

22.5,18,21.28

22.5,18,21.28

-0.5,6.805646932770577e+38,1.7770300324456506e+37

22.5,18,21.28

22.5,18,21.28

22.5,17,21.25

22.5,17,21.25

22.5,17,21.25

22.5,17,21.25

22.5,17,21.25

22.5,17,21.25

22.5,17,21.25

22.5,17,21.25

22.5,17,21.25

22.5,17,21.25

22.5,17,21.25

22.5,17,21.25

22.5,17,21.25

22.5,17,21.25

22.5,17,21.25

22.5,17,21.25

22.5,16,21.22

22.5,16,21.22

22.5,16,21.22

22.5,16,21.22

22.5,16,21.22

22.5,16,21.22

22.5,16,21.22

22.5,16,21.22

22.5,16,21.22

22.5,16,21.22

22.5,16,21.22

22.5,16,21.22

22.5,16,21.22

22.5,16,21.22

22.5,16,21.22

21.5,16,20.12

22.5,16,21.22

22.5,16,21.22

22.5,16,21.22

22.5,16,21.22

21.5,16,20.12

22.5,16,21.22

22.5,15,21.2

22.5,16,21.22

22.5,15,21.2

22.5,15,21.2

21.5,15,20.1

22.5,15,21.2

22.5,15,21.2

22.5,15,21.2

22.5,15,21.2

22.5,15,21.2

22.5,15,21.2

22.5,15,21.2

22.5,15,21.2

22.5,15,21.2

22.5,15,21.2

22.5,15,21.2

22.5,15,21.2

22.5,15,21.2

22.5,15,21.2

22.5,15,21.2

22.5,15,21.2

22.5,15,21.2

22.5,15,21.2

22.5,15,21.2

22.5,15,21.2

22.5,15,21.2

22.5,15,21.2

22.5,15,21.2

22.5,15,21.2

22.5,15,21.2

22.5,15,21.2

22.5,15,21.2

22.5,15,21.2

22.5,15,21.2

22.5,15,21.2

22.5,15,21.2

22.5,15,21.2

22.5,15,21.2

22.5,15,21.2

22.5,15,21.2

22.5,15,21.2

22.5,15,21.2

22.5,15,21.2

22.5,15,21.2

22.5,15,21.2

22.5,15,21.2

22.5,15,21.2

22.5,15,21.2

22.5,15,21.2

22.5,14,21.17

22.5,14,21.17

22.5,14,21.17

22.5,14,21.17

22.5,14,21.17

22.5,14,21.17

22.5,14,21.17

22.5,14,21.17

22.5,14,21.17

22.5,14,21.17

22.5,14,21.17

22.5,14,21.17

22.5,14,21.17

22.5,14,21.17

22.5,14,21.17

22.5,14,21.17

22.5,14,21.17

22.5,14,21.17

22.5,14,21.17

22.5,14,21.17

22.5,14,21.17

22.5,14,21.17

22.5,14,21.17

22.5,14,21.17

22.5,14,21.17

22.5,14,21.17

22.5,14,21.17

22.5,14,21.17

22.5,14,21.17

22.5,14,21.17

22.5,14,21.17

22.5,14,21.17

22.5,14,21.17

22.5,14,21.17

22.5,14,21.17

22.5,14,21.17

22.5,14,21.17

22.5,14,21.17

22.5,14,21.17

22.5,14,21.17

22.5,14,21.17

22.5,14,21.17

22.5,14,21.17

22.5,14,21.17

22.5,14,21.17

22.5,14,21.17

22.5,14,21.17

22.5,14,21.17

22.5,14,21.17

22.5,14,21.17

22.5,14,21.17

22.5,14,21.17

22.5,14,21.17

22.5,14,21.17

22.5,14,21.17

22.5,14,21.17

22.5,14,21.17

22.5,14,21.17

22.5,14,21.17

22.5,14,21.17

22.5,14,21.17

22.5,14,21.17

22.5,14,21.17

22.5,14,21.17

22.5,14,21.17

22.5,14,21.17

22.5,14,21.17

22.5,14,21.17

22.5,13,21.15

22.5,13,21.15

22.5,14,21.17

22.5,13,21.15

23.5,13,22.25

23.5,13,22.25

23.5,13,22.25

23.5,13,22.25

23.5,13,22.25

23.5,13,22.25

23.5,13,22.25

23.5,13,22.25

23.5,13,22.25

23.5,13,22.25

23.5,13,22.25

23.5,13,22.25

23.5,13,22.25

23.5,13,22.25

23.5,13,22.25

23.5,13,22.25

23.5,13,22.25

23.5,13,22.25

23.5,13,22.25

23.5,13,22.25

23.5,13,22.25

23.5,13,22.25

23.5,13,22.25

23.5,13,22.25

23.5,13,22.25

23.5,13,22.25

23.5,13,22.25

23.5,13,22.25

23.5,13,22.25

23.5,13,22.25

23.5,13,22.25

23.5,13,22.25

23.5,13,22.25

23.5,13,22.25

23.5,13,22.25

23.5,13,22.25

23.5,13,22.25

23.5,13,22.25

23.5,14,22.27

23.5,14,22.27

23.5,13,22.25

23.5,13,22.25

23.5,13,22.25

23.5,13,22.25

23.5,13,22.25

23.5,13,22.25

23.5,6.8055434924815986e+38,1.7770030230368618e+37

23.5,13,22.25

23.5,13,22.25

23.5,13,22.25

23.5,13,22.25

23.5,14,22.27

23.5,13,22.25

23.5,13,22.25

23.5,13,22.25

23.5,13,22.25

23.5,14,22.27

23.5,13,22.25

23.5,14,22.27

23.5,14,22.27

23.5,14,22.27

23.5,14,22.27

23.5,14,22.27

23.5,14,22.27

23.5,14,22.27

23.5,14,22.27

23.5,14,22.27

23.5,14,22.27

23.5,14,22.27

23.5,14,22.27

23.5,14,22.27

23.5,15,22.3

23.5,15,22.3

23.5,15,22.3

23.5,15,22.3

23.5,15,22.3

23.5,15,22.3

23.5,14,22.27

23.5,14,22.27

23.5,14,22.27

23.5,15,22.3

23.5,15,22.3

23.5,15,22.3

23.5,14,22.27

23.5,14,22.27

23.5,15,22.3

23.5,15,22.3

23.5,15,22.3

23.5,15,22.3

23.5,15,22.3

23.5,15,22.3

23.5,15,22.3

23.5,15,22.3

23.5,15,22.3

22.5,15,21.2

23.5,15,22.3

23.5,15,22.3

23.5,15,22.3

23.5,15,22.3

-0.5,6.805646932770577e+38,1.7770300324456506e+37

23.5,15,22.3

23.5,15,22.3

23.5,15,22.3

23.5,15,22.3

23.5,15,22.3

23.5,15,22.3

23.5,15,22.3

22.5,15,21.2

23.5,15,22.3

22.5,15,21.2

23.5,15,22.3

23.5,15,22.3

23.5,15,22.3

22.5,-2,20.75

22.5,16,21.22

23.5,15,22.3

22.5,16,21.22

23.5,16,22.32

22.5,16,21.22

22.5,16,21.22

22.5,16,21.22

22.5,16,21.22

22.5,16,21.22

23.5,16,22.32

22.5,16,21.22

22.5,16,21.22

22.5,16,21.22

23.5,16,22.32

23.5,16,22.32

22.5,16,21.22

22.5,16,21.22

22.5,16,21.22

22.5,16,21.22

22.5,17,21.25

22.5,17,21.25

22.5,17,21.25

22.5,17,21.25

22.5,17,21.25

22.5,17,21.25

22.5,17,21.25

22.5,17,21.25

22.5,17,21.25

22.5,18,21.28

22.5,17,21.25

22.5,17,21.25

22.5,17,21.25

22.5,18,21.28

22.5,18,21.28

22.5,17,21.25

22.5,18,21.28

22.5,17,21.25

22.5,18,21.28

22.5,18,21.28

22.5,18,21.28

22.5,18,21.28

22.5,18,21.28

22.5,18,21.28

22.5,18,21.28

22.5,18,21.28

22.5,18,21.28

22.5,18,21.28

22.5,18,21.28

22.5,18,21.28

22.5,18,21.28

22.5,18,21.28

22.5,18,21.28

22.5,18,21.28

22.5,18,21.28

22.5,19,21.3

22.5,19,21.3

22.5,19,21.3

22.5,19,21.3

22.5,19,21.3

22.5,19,21.3

22.5,19,21.3

22.5,19,21.3

22.5,19,21.3

22.5,19,21.3

22.5,18,21.28

22.5,19,21.3

22.5,19,21.3

22.5,19,21.3

22.5,19,21.3

22.5,19,21.3

22.5,19,21.3

22.5,19,21.3

22.5,19,21.3

22.5,19,21.3

22.5,19,21.3

22.5,19,21.3

22.5,19,21.3

22.5,19,21.3

22.5,19,21.3

22.5,19,21.3

22.5,19,21.3

22.5,19,21.3

22.5,19,21.3

22.5,19,21.3

22.5,19,21.3

22.5,19,21.3

22.5,19,21.3

22.5,19,21.3

22.5,19,21.3

22.5,19,21.3

22.5,19,21.3

22.5,19,21.3

22.5,19,21.3

22.5,19,21.3

22.5,19,21.3

22.5,19,21.3

22.5,19,21.3

22.5,19,21.3

22.5,19,21.3

22.5,19,21.3

22.5,19,21.3

22.5,19,21.3

22.5,19,21.3

22.5,20,21.33

22.5,20,21.33

22.5,20,21.33

22.5,20,21.33

22.5,20,21.33

22.5,20,21.33

22.5,20,21.33

22.5,20,21.33

22.5,20,21.33

22.5,20,21.33

22.5,20,21.33

22.5,20,21.33

22.5,20,21.33

22.5,20,21.33

22.5,20,21.33

22.5,20,21.33

22.5,21,21.35

22.5,21,21.35

22.5,21,21.35

22.5,20,21.33

22.5,20,21.33

22.5,21,21.35

22.5,20,21.33

22.5,21,21.35

22.5,20,21.33

22.5,20,21.33

22.5,20,21.33

22.5,20,21.33

22.5,20,21.33

22.5,21,21.35

22.5,21,21.35

22.5,21,21.35

22.5,21,21.35

22.5,21,21.35

22.5,21,21.35

22.5,21,21.35

22.5,21,21.35

22.5,21,21.35

22.5,21,21.35

22.5,21,21.35

22.5,21,21.35

22.5,20,21.33

22.5,21,21.35

22.5,21,21.35

22.5,21,21.35

22.5,21,21.35

22.5,21,21.35

22.5,21,21.35

22.5,21,21.35

22.5,21,21.35

22.5,21,21.35

22.5,21,21.35

22.5,21,21.35

22.5,21,21.35

22.5,21,21.35

22.5,21,21.35

22.5,21,21.35

22.5,21,21.35

22.5,21,21.35

22.5,21,21.35

22.5,21,21.35

22.5,21,21.35

22.5,21,21.35

22.5,21,21.35

22.5,21,21.35

22.5,21,21.35

22.5,22,21.38

22.5,22,21.38

22.5,22,21.38

22.5,22,21.38

22.5,22,21.38

22.5,22,21.38

22.5,22,21.38

22.5,22,21.38

22.5,22,21.38

22.5,22,21.38

22.5,22,21.38

22.5,22,21.38

22.5,22,21.38

22.5,22,21.38

22.5,22,21.38

22.5,22,21.38

22.5,22,21.38

22.5,22,21.38

22.5,22,21.38

22.5,23,21.41

22.5,23,21.41

22.5,23,21.41

22.5,23,21.41

22.5,23,21.41

22.5,23,21.41

22.5,23,21.41

22.5,23,21.41

22.5,23,21.41

22.5,23,21.41

22.5,23,21.41

22.5,23,21.41

22.5,23,21.41

22.5,23,21.41

22.5,23,21.41

22.5,23,21.41

22.5,23,21.41

22.5,23,21.41

22.5,23,21.41

22.5,23,21.41

22.5,23,21.41

22.5,23,21.41

22.5,23,21.41

22.5,23,21.41

22.5,23,21.41

22.5,23,21.41

22.5,23,21.41

22.5,23,21.41

22.5,23,21.41

22.5,23,21.41

22.5,23,21.41

22.5,23,21.41

22.5,23,21.41

22.5,23,21.41

22.5,23,21.41

22.5,23,21.41

22.5,23,21.41

22.5,23,21.41

22.5,23,21.41

22.5,23,21.41

22.5,23,21.41

22.5,23,21.41

22.5,23,21.41

22.5,23,21.41

22.5,23,21.41

22.5,23,21.41

22.5,23,21.41

22.5,23,21.41

22.5,23,21.41

22.5,23,21.41

22.5,23,21.41

22.5,23,21.41

22.5,23,21.41

22.5,23,21.41

22.5,24,21.43

22.5,24,21.43

22.5,24,21.43

22.5,24,21.43

22.5,24,21.43

22.5,23,21.41

-0.5,6.805646932770577e+38,1.7770300324456506e+37

22.5,24,21.43

22.5,23,21.41

22.5,24,21.43

22.5,24,21.43

22.5,23,21.41

22.5,24,21.43

22.5,24,21.43

22.5,24,21.43

22.5,24,21.43

22.5,24,21.43

22.5,24,21.43

22.5,24,21.43

22.5,24,21.43

22.5,24,21.43

22.5,24,21.43

22.5,24,21.43

22.5,24,21.43

22.5,24,21.43

22.5,24,21.43

22.5,24,21.43

22.5,24,21.43

22.5,24,21.43

22.5,24,21.43

22.5,24,21.43

22.5,24,21.43

22.5,24,21.43

22.5,24,21.43

22.5,24,21.43

22.5,24,21.43

22.5,24,21.43

22.5,24,21.43

22.5,24,21.43

22.5,24,21.43

22.5,24,21.43

22.5,24,21.43

22.5,24,21.43

22.5,24,21.43

22.5,24,21.43

22.5,24,21.43

22.5,24,21.43

22.5,24,21.43

22.5,24,21.43

22.5,24,21.43

22.5,24,21.43

22.5,24,21.43

22.5,24,21.43

22.5,24,21.43

22.5,24,21.43

22.5,24,21.43

22.5,24,21.43

22.5,24,21.43

22.5,24,21.43

22.5,24,21.43

22.5,24,21.43

22.5,24,21.43

22.5,25,21.46

22.5,25,21.46

22.5,25,21.46

22.5,24,21.43

22.5,25,21.46

22.5,24,21.43

22.5,25,21.46

22.5,25,21.46

22.5,25,21.46

22.5,25,21.46

22.5,25,21.46

22.5,25,21.46

22.5,25,21.46

22.5,25,21.46

22.5,24,21.43

22.5,24,21.43

22.5,25,21.46

22.5,25,21.46

22.5,25,21.46

22.5,25,21.46

22.5,25,21.46

22.5,25,21.46

22.5,25,21.46

22.5,25,21.46

22.5,25,21.46

22.5,25,21.46

22.5,25,21.46

22.5,25,21.46

22.5,25,21.46

22.5,25,21.46

22.5,25,21.46

22.5,24,21.43

22.5,24,21.43

22.5,25,21.46

22.5,25,21.46

22.5,25,21.46

22.5,25,21.46

22.5,25,21.46

22.5,25,21.46

22.5,25,21.46

22.5,25,21.46

22.5,25,21.46

22.5,24,21.43

22.5,25,21.46

22.5,24,21.43

22.5,24,21.43

22.5,24,21.43

22.5,24,21.43

22.5,25,21.46

22.5,25,21.46

22.5,25,21.46

22.5,25,21.46

22.5,25,21.46

22.5,25,21.46

22.5,25,21.46

22.5,25,21.46

22.5,25,21.46

21.5,25,20.36

22.5,25,21.46

22.5,25,21.46

22.5,25,21.46

22.5,25,21.46

22.5,25,21.46

22.5,25,21.46

22.5,25,21.46

22.5,25,21.46

21.5,25,20.36

22.5,25,21.46

22.5,25,21.46

22.5,25,21.46

22.5,25,21.46

22.5,25,21.46

22.5,25,21.46

22.5,25,21.46

22.5,25,21.46

22.5,25,21.46

22.5,25,21.46

22.5,25,21.46

21.5,25,20.36

22.5,25,21.46

22.5,25,21.46

22.5,25,21.46

22.5,25,21.46

22.5,25,21.46

22.5,25,21.46

21.5,25,20.36

22.5,26,21.48

21.5,26,20.38

21.5,26,20.38

22.5,26,21.48

21.5,26,20.38

21.5,26,20.38

21.5,26,20.38

-0.5,6.805646932770577e+38,1.7770300324456506e+37

21.5,27,20.41

21.5,26,20.38

21.5,27,20.41

21.5,27,20.41

21.5,27,20.41

21.5,27,20.41

21.5,27,20.41

21.5,27,20.41

22.5,27,21.51

22.5,27,21.51

22.5,27,21.51

21.5,27,20.41

21.5,27,20.41

21.5,27,20.41

21.5,27,20.41

21.5,27,20.41

21.5,28,20.44

21.5,27,20.41

21.5,27,20.41

21.5,27,20.41

21.5,27,20.41

21.5,27,20.41

21.5,27,20.41

21.5,27,20.41

21.5,27,20.41

21.5,27,20.41

21.5,26,20.38

21.5,27,20.41

21.5,27,20.41

21.5,27,20.41

21.5,27,20.41

21.5,27,20.41

21.5,27,20.41

21.5,27,20.41

21.5,27,20.41

21.5,26,20.38

21.5,26,20.38

21.5,26,20.38

21.5,26,20.38

21.5,26,20.38

21.5,26,20.38

21.5,26,20.38

21.5,26,20.38

20.5,25,19.26

20.5,25,19.26

21.5,26,20.38

21.5,26,20.38

21.5,25,20.36

21.5,25,20.36

21.5,25,20.36

21.5,25,20.36

20.5,24,19.23

21.5,25,20.36

20.5,24,19.23

20.5,24,19.23

20.5,24,19.23

20.5,24,19.23

20.5,24,19.23

20.5,24,19.23

20.5,24,19.23

20.5,24,19.23

20.5,24,19.23

20.5,24,19.23

20.5,24,19.23

20.5,24,19.23

20.5,24,19.23

20.5,24,19.23

20.5,24,19.23

20.5,23,19.21

20.5,23,19.21

20.5,23,19.21

20.5,23,19.21

20.5,23,19.21

20.5,23,19.21

20.5,23,19.21

20.5,23,19.21

20.5,23,19.21

20.5,23,19.21

20.5,23,19.21

20.5,23,19.21

20.5,23,19.21

20.5,23,19.21

20.5,23,19.21

20.5,23,19.21

20.5,23,19.21

20.5,22,19.18

20.5,22,19.18

20.5,22,19.18

20.5,22,19.18

20.5,22,19.18

20.5,22,19.18

20.5,22,19.18

20.5,22,19.18

20.5,22,19.18

20.5,22,19.18

20.5,22,19.18

20.5,22,19.18

20.5,22,19.18

20.5,22,19.18

20.5,22,19.18

20.5,22,19.18

20.5,22,19.18

20.5,22,19.18

20.5,22,19.18

20.5,22,19.18

20.5,22,19.18

20.5,22,19.18

20.5,22,19.18

20.5,22,19.18

20.5,22,19.18

20.5,22,19.18

20.5,22,19.18

20.5,22,19.18

20.5,22,19.18

20.5,22,19.18

20.5,22,19.18

20.5,22,19.18

20.5,22,19.18

20.5,22,19.18

20.5,22,19.18

20.5,22,19.18

20.5,22,19.18

20.5,22,19.18

20.5,22,19.18

20.5,22,19.18

20.5,22,19.18

20.5,22,19.18

20.5,22,19.18

20.5,22,19.18

20.5,22,19.18

20.5,22,19.18

20.5,22,19.18

20.5,22,19.18

20.5,22,19.18

20.5,22,19.18

20.5,22,19.18

20.5,21,19.15

20.5,21,19.15

20.5,22,19.18

20.5,22,19.18

20.5,21,19.15

20.5,21,19.15

20.5,21,19.15

20.5,21,19.15

20.5,22,19.18

20.5,21,19.15

20.5,21,19.15

20.5,21,19.15

20.5,21,19.15

20.5,21,19.15

20.5,21,19.15

20.5,21,19.15

20.5,21,19.15

20.5,21,19.15

20.5,21,19.15

20.5,21,19.15

20.5,21,19.15

20.5,21,19.15

20.5,21,19.15

20.5,21,19.15

20.5,21,19.15

20.5,21,19.15

20.5,21,19.15

20.5,21,19.15

20.5,20,19.13

20.5,21,19.15

20.5,21,19.15

20.5,21,19.15

20.5,21,19.15

20.5,20,19.13

20.5,21,19.15

20.5,21,19.15

20.5,21,19.15

20.5,20,19.13

20.5,20,19.13

20.5,20,19.13

20.5,20,19.13

20.5,20,19.13

20.5,20,19.13

20.5,20,19.13

20.5,20,19.13

20.5,20,19.13

20.5,20,19.13

20.5,20,19.13

20.5,20,19.13

20.5,20,19.13

20.5,19,19.1

20.5,20,19.13

20.5,20,19.13

20.5,20,19.13

20.5,20,19.13

20.5,20,19.13

20.5,20,19.13

20.5,20,19.13

20.5,20,19.13

20.5,19,19.1

20.5,20,19.13

20.5,19,19.1

20.5,19,19.1

20.5,19,19.1

20.5,19,19.1

20.5,19,19.1

20.5,19,19.1

20.5,19,19.1

20.5,19,19.1

20.5,19,19.1

20.5,19,19.1

20.5,19,19.1

20.5,19,19.1

20.5,19,19.1

20.5,19,19.1

20.5,19,19.1

20.5,19,19.1

20.5,19,19.1

20.5,19,19.1

20.5,19,19.1

20.5,19,19.1

20.5,19,19.1

20.5,19,19.1

20.5,19,19.1

20.5,19,19.1

20.5,19,19.1

20.5,19,19.1

20.5,19,19.1

20.5,19,19.1

20.5,19,19.1

20.5,19,19.1

20.5,19,19.1

20.5,19,19.1

20.5,18,19.08

20.5,19,19.1

20.5,18,19.08

20.5,18,19.08

20.5,18,19.08

20.5,18,19.08

20.5,18,19.08

20.5,18,19.08

20.5,18,19.08

20.5,18,19.08

20.5,18,19.08

20.5,18,19.08

20.5,18,19.08

20.5,18,19.08

20.5,19,19.1

20.5,19,19.1

20.5,19,19.1

20.5,19,19.1

20.5,19,19.1

20.5,19,19.1

20.5,19,19.1

20.5,19,19.1

20.5,19,19.1

20.5,19,19.1

20.5,19,19.1

20.5,19,19.1

20.5,19,19.1

20.5,19,19.1

20.5,19,19.1

20.5,19,19.1

20.5,19,19.1

20.5,19,19.1

20.5,19,19.1

20.5,19,19.1

20.5,19,19.1

20.5,19,19.1

20.5,19,19.1

20.5,19,19.1

20.5,19,19.1

20.5,19,19.1

20.5,19,19.1

21.5,20,20.23

21.5,20,20.23

21.5,20,20.23

21.5,20,20.23

21.5,20,20.23

21.5,20,20.23

21.5,20,20.23

21.5,20,20.23

21.5,20,20.23

21.5,20,20.23

21.5,20,20.23

21.5,20,20.23

21.5,20,20.23

21.5,20,20.23

21.5,20,20.23

21.5,20,20.23

21.5,20,20.23

21.5,20,20.23

21.5,21,20.25

21.5,21,20.25

21.5,21,20.25

21.5,21,20.25

21.5,21,20.25

21.5,21,20.25

21.5,20,20.23

21.5,20,20.23

21.5,20,20.23

21.5,20,20.23

21.5,21,20.25

21.5,21,20.25

21.5,21,20.25

21.5,21,20.25

21.5,21,20.25

21.5,20,20.23

21.5,20,20.23

21.5,20,20.23

21.5,20,20.23

21.5,20,20.23

21.5,20,20.23

21.5,20,20.23

21.5,19,20.2

21.5,19,20.2

21.5,19,20.2

21.5,19,20.2

21.5,19,20.2

21.5,19,20.2

21.5,19,20.2

21.5,19,20.2

21.5,19,20.2

21.5,20,20.23

21.5,20,20.23

21.5,20,20.23

21.5,19,20.2

21.5,19,20.2

21.5,20,20.23

21.5,19,20.2

21.5,20,20.23

21.5,20,20.23

21.5,19,20.2

21.5,19,20.2

21.5,20,20.23

21.5,20,20.23

21.5,19,20.2

21.5,19,20.2

21.5,19,20.2

21.5,19,20.2

21.5,19,20.2

21.5,19,20.2

21.5,19,20.2

21.5,19,20.2

21.5,19,20.2

21.5,19,20.2

21.5,19,20.2

21.5,20,20.23

20.5,19,19.1

21.5,19,20.2

21.5,19,20.2

21.5,19,20.2

20.5,18,19.08

20.5,19,19.1

20.5,19,19.1

20.5,19,19.1

20.5,19,19.1

20.5,19,19.1

20.5,19,19.1

20.5,19,19.1

20.5,19,19.1

20.5,19,19.1

20.5,19,19.1

20.5,19,19.1

20.5,19,19.1

20.5,19,19.1

20.5,19,19.1

20.5,19,19.1

20.5,19,19.1

20.5,19,19.1

20.5,19,19.1

20.5,19,19.1

20.5,19,19.1

20.5,19,19.1

20.5,19,19.1

20.5,19,19.1

20.5,19,19.1

20.5,20,19.13

20.5,20,19.13

20.5,20,19.13

20.5,20,19.13

20.5,20,19.13

20.5,20,19.13

20.5,21,19.15

20.5,21,19.15

20.5,20,19.13

20.5,20,19.13

20.5,20,19.13

20.5,20,19.13

20.5,20,19.13

20.5,20,19.13

20.5,20,19.13

20.5,20,19.13

20.5,21,19.15

20.5,21,19.15

20.5,21,19.15

20.5,21,19.15

20.5,21,19.15

20.5,20,19.13

20.5,20,19.13

20.5,20,19.13

20.5,21,19.15

20.5,21,19.15

20.5,21,19.15

20.5,20,19.13

20.5,20,19.13

20.5,21,19.15

20.5,21,19.15

20.5,21,19.15

20.5,21,19.15

20.5,21,19.15

20.5,21,19.15

20.5,21,19.15

20.5,21,19.15

20.5,21,19.15

20.5,21,19.15

20.5,21,19.15

20.5,21,19.15

20.5,21,19.15

6.8055434924815986e+38,6.805646932770577e+38,-7.684047460884767e+149

20.5,21,19.15

20.5,21,19.15

20.5,20,19.13

20.5,20,19.13

20.5,20,19.13

20.5,20,19.13

20.5,20,19.13

20.5,21,19.15

20.5,21,19.15

20.5,21,19.15

20.5,21,19.15

20.5,21,19.15

20.5,21,19.15

20.5,21,19.15

20.5,21,19.15

20.5,21,19.15

20.5,21,19.15

20.5,21,19.15

20.5,21,19.15

20.5,21,19.15

20.5,21,19.15

20.5,21,19.15

20.5,21,19.15

20.5,21,19.15

20.5,21,19.15

20.5,21,19.15

20.5,21,19.15

20.5,21,19.15

20.5,21,19.15

20.5,21,19.15

20.5,21,19.15

20.5,21,19.15

20.5,21,19.15

20.5,21,19.15

20.5,21,19.15

20.5,21,19.15

20.5,21,19.15

20.5,21,19.15

20.5,21,19.15

20.5,21,19.15

20.5,21,19.15

20.5,21,19.15

20.5,21,19.15

20.5,21,19.15

20.5,21,19.15

20.5,21,19.15

20.5,21,19.15

20.5,21,19.15

20.5,21,19.15

20.5,21,19.15

20.5,21,19.15

20.5,21,19.15

19.5,20,18.03

20.5,21,19.15

20.5,21,19.15

20.5,21,19.15

20.5,21,19.15

20.5,21,19.15

19.5,20,18.03

20.5,21,19.15

20.5,21,19.15

20.5,21,19.15

20.5,21,19.15

20.5,21,19.15

20.5,21,19.15

20.5,21,19.15

20.5,21,19.15

20.5,21,19.15

20.5,21,19.15

20.5,21,19.15

19.5,20,18.03

19.5,20,18.03

20.5,21,19.15

20.5,21,19.15

20.5,21,19.15

20.5,21,19.15

20.5,21,19.15

19.5,20,18.03

20.5,21,19.15

19.5,20,18.03

20.5,22,19.18

19.5,20,18.03

20.5,21,19.15

19.5,20,18.03

19.5,20,18.03

20.5,21,19.15

19.5,20,18.03

20.5,21,19.15

19.5,20,18.03

20.5,21,19.15

20.5,21,19.15

20.5,21,19.15

19.5,20,18.03

19.5,20,18.03

19.5,20,18.03

20.5,21,19.15

20.5,21,19.15

20.5,21,19.15

19.5,20,18.03

20.5,21,19.15

19.5,20,18.03

19.5,21,18.05

19.5,21,18.05

19.5,20,18.03

19.5,20,18.03

19.5,21,18.05

19.5,21,18.05

19.5,21,18.05

19.5,20,18.03

19.5,20,18.03

20.5,22,19.18

19.5,21,18.05

19.5,21,18.05

19.5,21,18.05

19.5,21,18.05

19.5,21,18.05

19.5,21,18.05

19.5,21,18.05

19.5,21,18.05

19.5,21,18.05

19.5,21,18.05

19.5,21,18.05

19.5,21,18.05

19.5,21,18.05

19.5,21,18.05

19.5,21,18.05

19.5,21,18.05

19.5,21,18.05

19.5,21,18.05

19.5,21,18.05

19.5,21,18.05

19.5,21,18.05

19.5,21,18.05

19.5,21,18.05

19.5,21,18.05

19.5,21,18.05

19.5,21,18.05

19.5,21,18.05

19.5,21,18.05

19.5,21,18.05

19.5,21,18.05

19.5,21,18.05

19.5,21,18.05

19.5,21,18.05

19.5,21,18.05

19.5,21,18.05

19.5,21,18.05

19.5,21,18.05

19.5,21,18.05

19.5,21,18.05

19.5,21,18.05

19.5,21,18.05

19.5,21,18.05

19.5,21,18.05

19.5,21,18.05

19.5,21,18.05

19.5,21,18.05

19.5,21,18.05

19.5,21,18.05

19.5,21,18.05

19.5,21,18.05

19.5,21,18.05

19.5,21,18.05

19.5,21,18.05

19.5,21,18.05

19.5,21,18.05

19.5,21,18.05

19.5,21,18.05

19.5,21,18.05

19.5,21,18.05

19.5,21,18.05

19.5,21,18.05

19.5,21,18.05

19.5,21,18.05

19.5,21,18.05

19.5,21,18.05

19.5,21,18.05

19.5,21,18.05

19.5,21,18.05

19.5,21,18.05

19.5,21,18.05

19.5,21,18.05

19.5,21,18.05

19.5,21,18.05

19.5,21,18.05

19.5,21,18.05

19.5,21,18.05

19.5,21,18.05

19.5,21,18.05

19.5,21,18.05

19.5,21,18.05

19.5,21,18.05

19.5,21,18.05

19.5,21,18.05

19.5,21,18.05

19.5,21,18.05

19.5,21,18.05

19.5,21,18.05

19.5,21,18.05

19.5,21,18.05

-0.5,6.805646932770577e+38,1.7770300324456506e+37

19.5,21,18.05

19.5,21,18.05

19.5,21,18.05

19.5,21,18.05

19.5,21,18.05

19.5,21,18.05

19.5,21,18.05

19.5,21,18.05

19.5,21,18.05

19.5,21,18.05

19.5,21,18.05

19.5,21,18.05

19.5,21,18.05

19.5,21,18.05

19.5,21,18.05

19.5,21,18.05

19.5,21,18.05

19.5,21,18.05

19.5,21,18.05

19.5,6.779062778503071e+38,1.770088614386913e+37

19.5,21,18.05

19.5,21,18.05

19.5,21,18.05

19.5,21,18.05

19.5,21,18.05

19.5,21,18.05

19.5,21,18.05

19.5,21,18.05

19.5,21,18.05

19.5,21,18.05

19.5,21,18.05

19.5,21,18.05

19.5,21,18.05

19.5,21,18.05

19.5,21,18.05

19.5,21,18.05

19.5,21,18.05

19.5,21,18.05

19.5,21,18.05

19.5,21,18.05

19.5,21,18.05

19.5,21,18.05

19.5,21,18.05

19.5,21,18.05

19.5,21,18.05

19.5,21,18.05

19.5,21,18.05

19.5,21,18.05

19.5,21,18.05

19.5,21,18.05

19.5,21,18.05

19.5,21,18.05

19.5,21,18.05

19.5,21,18.05

19.5,21,18.05

19.5,21,18.05

19.5,21,18.05

19.5,21,18.05

19.5,21,18.05

19.5,21,18.05

19.5,21,18.05

19.5,21,18.05

19.5,21,18.05

19.5,21,18.05

19.5,21,18.05

19.5,21,18.05

19.5,21,18.05

19.5,21,18.05

19.5,21,18.05

19.5,21,18.05

19.5,6.779062778503071e+38,1.770088614386913e+37

19.5,21,18.05

19.5,21,18.05

19.5,21,18.05

19.5,21,18.05

19.5,21,18.05

19.5,21,18.05

19.5,21,18.05

19.5,21,18.05

19.5,21,18.05

19.5,21,18.05

19.5,21,18.05

19.5,21,18.05

19.5,21,18.05

19.5,21,18.05

19.5,21,18.05

19.5,21,18.05

19.5,-2,17.45

19.5,21,18.05

19.5,21,18.05

19.5,21,18.05

19.5,21,18.05

19.5,21,18.05

19.5,21,18.05

19.5,21,18.05

19.5,21,18.05

19.5,21,18.05

19.5,21,18.05

19.5,21,18.05

19.5,21,18.05

19.5,21,18.05

19.5,21,18.05

19.5,21,18.05

19.5,21,18.05

19.5,21,18.05

19.5,21,18.05

19.5,21,18.05

19.5,21,18.05

19.5,21,18.05

19.5,21,18.05

19.5,21,18.05

19.5,21,18.05

19.5,21,18.05

19.5,21,18.05

19.5,20,18.03

19.5,21,18.05

19.5,20,18.03

19.5,21,18.05

19.5,6.779062778503071e+38,1.770088614386913e+37

19.5,20,18.03

19.5,21,18.05

19.5,20,18.03

19.5,21,18.05

19.5,6.779062778503071e+38,1.770088614386913e+37

19.5,21,18.05

19.5,21,18.05

19.5,20,18.03

19.5,20,18.03

19.5,20,18.03

19.5,20,18.03

19.5,20,18.03

19.5,21,18.05

19.5,21,18.05

19.5,21,18.05

19.5,20,18.03

19.5,20,18.03

19.5,21,18.05

19.5,21,18.05

19.5,21,18.05

19.5,21,18.05

19.5,21,18.05

19.5,21,18.05

19.5,21,18.05

19.5,20,18.03

19.5,21,18.05

19.5,20,18.03

19.5,21,18.05

19.5,21,18.05

19.5,21,18.05

19.5,21,18.05

19.5,21,18.05

19.5,21,18.05

19.5,21,18.05

19.5,21,18.05

19.5,21,18.05

19.5,21,18.05

19.5,21,18.05

19.5,21,18.05

19.5,21,18.05

19.5,21,18.05

19.5,21,18.05

19.5,21,18.05

19.5,21,18.05

19.5,21,18.05

19.5,21,18.05

19.5,21,18.05

19.5,21,18.05

19.5,21,18.05

19.5,21,18.05

19.5,21,18.05

19.5,21,18.05

19.5,22,18.08

19.5,21,18.05

19.5,21,18.05

19.5,21,18.05

19.5,21,18.05

19.5,21,18.05

19.5,22,18.08

19.5,22,18.08

19.5,22,18.08

19.5,21,18.05

19.5,22,18.08

19.5,22,18.08

19.5,21,18.05

19.5,21,18.05

18.5,21,16.95

19.5,21,18.05

19.5,21,18.05

18.5,21,16.95

19.5,21,18.05

19.5,21,18.05

19.5,21,18.05

19.5,21,18.05

19.5,21,18.05

19.5,21,18.05

19.5,21,18.05

19.5,21,18.05

19.5,21,18.05

19.5,21,18.05

18.5,21,16.95

18.5,21,16.95

18.5,21,16.95

18.5,21,16.95

18.5,21,16.95

18.5,20,16.93

18.5,21,16.95

18.5,21,16.95

19.5,20,18.03

18.5,20,16.93

18.5,20,16.93

18.5,20,16.93

18.5,20,16.93

18.5,20,16.93

18.5,20,16.93

18.5,20,16.93

18.5,19,16.9

18.5,20,16.93

18.5,19,16.9

18.5,19,16.9

18.5,19,16.9

18.5,19,16.9

18.5,19,16.9

18.5,19,16.9

18.5,19,16.9

18.5,19,16.9

19.5,19,18

18.5,19,16.9

18.5,19,16.9

18.5,19,16.9

18.5,19,16.9

19.5,19,18

19.5,19,18

18.5,19,16.9

18.5,19,16.9

18.5,19,16.9

18.5,19,16.9

19.5,19,18

18.5,19,16.9

19.5,19,18

19.5,18,17.98

19.5,18,17.98

19.5,18,17.98

19.5,18,17.98

19.5,18,17.98

19.5,18,17.98

18.5,18,16.88

18.5,18,16.88

19.5,18,17.98

18.5,18,16.88

18.5,18,16.88

19.5,18,17.98

18.5,18,16.88

19.5,18,17.98

19.5,18,17.98

19.5,18,17.98

18.5,18,16.88

19.5,18,17.98

19.5,18,17.98

19.5,18,17.98

19.5,17,17.95

19.5,17,17.95

19.5,17,17.95

19.5,17,17.95

18.5,17,16.85

19.5,17,17.95

19.5,17,17.95

19.5,17,17.95

19.5,17,17.95

18.5,17,16.85

19.5,17,17.95

19.5,17,17.95

19.5,17,17.95

19.5,17,17.95

19.5,17,17.95

19.5,17,17.95

19.5,16,17.92

19.5,17,17.95

19.5,17,17.95

19.5,16,17.92

19.5,16,17.92

19.5,16,17.92

19.5,16,17.92

18.5,16,16.82

19.5,16,17.92

19.5,16,17.92

19.5,16,17.92

19.5,16,17.92

19.5,16,17.92

19.5,16,17.92

19.5,16,17.92

19.5,16,17.92

19.5,16,17.92

19.5,16,17.92

19.5,16,17.92

18.5,16,16.82

19.5,16,17.92

19.5,16,17.92

19.5,16,17.92

19.5,16,17.92

19.5,16,17.92

19.5,16,17.92

19.5,16,17.92

19.5,16,17.92

19.5,16,17.92

19.5,16,17.92

19.5,16,17.92

18.5,16,16.82

19.5,16,17.92

19.5,16,17.92

19.5,16,17.92

19.5,15,17.9

19.5,16,17.92

19.5,15,17.9

19.5,15,17.9

19.5,15,17.9

19.5,15,17.9

19.5,15,17.9

19.5,15,17.9

19.5,15,17.9

19.5,15,17.9

19.5,16,17.92

19.5,15,17.9

19.5,15,17.9

19.5,15,17.9

19.5,15,17.9

19.5,15,17.9

19.5,15,17.9

19.5,15,17.9

19.5,15,17.9

19.5,15,17.9

19.5,15,17.9

19.5,15,17.9

19.5,15,17.9

19.5,15,17.9

19.5,15,17.9

19.5,15,17.9

19.5,15,17.9

19.5,15,17.9

19.5,15,17.9

19.5,15,17.9

19.5,15,17.9

19.5,15,17.9

19.5,15,17.9

19.5,15,17.9

19.5,15,17.9

19.5,15,17.9

19.5,15,17.9

19.5,15,17.9

19.5,15,17.9

19.5,15,17.9

19.5,15,17.9

19.5,15,17.9

19.5,15,17.9

19.5,15,17.9

19.5,15,17.9

19.5,15,17.9

19.5,15,17.9

19.5,15,17.9

19.5,15,17.9

19.5,15,17.9

19.5,15,17.9

19.5,15,17.9

19.5,15,17.9

19.5,15,17.9

19.5,15,17.9

19.5,15,17.9

20.5,15,19

20.5,15,19

19.5,15,17.9

20.5,16,19.02

20.5,16,19.02

20.5,16,19.02

20.5,16,19.02

20.5,16,19.02

20.5,15,19

20.5,16,19.02

20.5,16,19.02

20.5,16,19.02

20.5,16,19.02

20.5,16,19.02

20.5,16,19.02

20.5,16,19.02

20.5,16,19.02

20.5,16,19.02

20.5,16,19.02

20.5,16,19.02

20.5,16,19.02

20.5,16,19.02

20.5,16,19.02

20.5,15,19

21.5,16,20.12

21.5,16,20.12

21.5,16,20.12

21.5,16,20.12

21.5,16,20.12

21.5,16,20.12

21.5,16,20.12

21.5,16,20.12

21.5,15,20.1

21.5,15,20.1

21.5,15,20.1

21.5,15,20.1

21.5,15,20.1

21.5,15,20.1

21.5,15,20.1

21.5,14,20.07

21.5,14,20.07

21.5,14,20.07

22.5,14,21.17

22.5,14,21.17

22.5,13,21.15

22.5,13,21.15

22.5,13,21.15

22.5,13,21.15

22.5,13,21.15

22.5,14,21.17

22.5,14,21.17

22.5,13,21.15

21.5,14,20.07

22.5,14,21.17

21.5,14,20.07

21.5,14,20.07

21.5,14,20.07

21.5,14,20.07

21.5,14,20.07

21.5,14,20.07

21.5,14,20.07

21.5,14,20.07

21.5,14,20.07

21.5,14,20.07

21.5,14,20.07

21.5,15,20.1

21.5,14,20.07

21.5,14,20.07

21.5,14,20.07

21.5,14,20.07

21.5,14,20.07

21.5,14,20.07

21.5,14,20.07

21.5,14,20.07

21.5,14,20.07

21.5,14,20.07

21.5,14,20.07

21.5,14,20.07

21.5,14,20.07

21.5,14,20.07

21.5,14,20.07

21.5,15,20.1

21.5,15,20.1

21.5,15,20.1

21.5,15,20.1

21.5,15,20.1

21.5,15,20.1

6.8055434924815986e+38,6.805646932770577e+38,-7.684047460884767e+149

21.5,15,20.1

6.8055434924815986e+38,6.805646932770577e+38,-7.684047460884767e+149

21.5,16,20.12

6.8055434924815986e+38,6.805646932770577e+38,-7.684047460884767e+149

6.8055434924815986e+38,6.805646932770577e+38,-7.684047460884767e+149

21.5,16,20.12

21.5,16,20.12

21.5,16,20.12

21.5,16,20.12

20.5,15,19

6.8055434924815986e+38,6.805646932770577e+38,-7.684047460884767e+149

6.8055434924815986e+38,6.805646932770577e+38,-7.684047460884767e+149

20.5,15,19

20.5,16,19.02

20.5,16,19.02

20.5,16,19.02

20.5,16,19.02

20.5,16,19.02

20.5,16,19.02

20.5,16,19.02

20.5,16,19.02

20.5,16,19.02

20.5,16,19.02

20.5,16,19.02

20.5,16,19.02

20.5,16,19.02

20.5,16,19.02

20.5,17,19.05

20.5,17,19.05

20.5,17,19.05

20.5,17,19.05

20.5,17,19.05

20.5,17,19.05

20.5,17,19.05

20.5,17,19.05

20.5,17,19.05

6.8055434924815986e+38,6.805646932770577e+38,-7.684047460884767e+149

20.5,17,19.05

20.5,18,19.08

20.5,18,19.08

19.5,17,17.95

19.5,17,17.95

20.5,18,19.08

20.5,18,19.08

6.8055434924815986e+38,6.805646932770577e+38,-7.684047460884767e+149

19.5,17,17.95

20.5,18,19.08

19.5,17,17.95

19.5,17,17.95

19.5,17,17.95

19.5,17,17.95

19.5,17,17.95

19.5,17,17.95

19.5,17,17.95

19.5,17,17.95

19.5,17,17.95

19.5,17,17.95

19.5,17,17.95

19.5,17,17.95

6.8055434924815986e+38,6.805646932770577e+38,-7.684047460884767e+149

6.8055434924815986e+38,6.805646932770577e+38,-7.684047460884767e+149

6.8055434924815986e+38,6.805646932770577e+38,-7.684047460884767e+149

6.8055434924815986e+38,6.805646932770577e+38,-7.684047460884767e+149

19.5,17,17.95

19.5,17,17.95

19.5,17,17.95

19.5,17,17.95

19.5,17,17.95

19.5,17,17.95

19.5,17,17.95

6.8055434924815986e+38,6.805646932770577e+38,-7.684047460884767e+149

19.5,17,17.95

19.5,18,17.98

19.5,18,17.98

19.5,18,17.98

19.5,18,17.98

19.5,18,17.98

19.5,18,17.98

6.8055434924815986e+38,6.805646932770577e+38,-7.684047460884767e+149

6.8055434924815986e+38,6.805646932770577e+38,-7.684047460884767e+149

19.5,18,17.98

19.5,18,17.98

19.5,18,17.98

19.5,18,17.98

19.5,18,17.98

19.5,18,17.98

19.5,19,18

19.5,18,17.98

19.5,19,18

19.5,18,17.98

19.5,19,18

19.5,19,18

19.5,19,18

19.5,19,18

19.5,19,18

19.5,19,18

19.5,19,18

19.5,19,18

19.5,19,18

19.5,19,18

19.5,19,18

19.5,19,18

19.5,19,18

19.5,19,18

19.5,19,18

19.5,19,18

19.5,19,18

19.5,19,18

19.5,19,18

19.5,19,18

19.5,19,18

19.5,19,18

19.5,19,18

19.5,19,18

19.5,19,18

19.5,19,18

19.5,19,18

19.5,19,18

19.5,19,18

19.5,19,18

19.5,19,18

19.5,19,18

19.5,19,18

19.5,19,18

19.5,19,18

19.5,19,18

19.5,19,18

19.5,19,18

19.5,19,18

19.5,19,18

19.5,20,18.03

19.5,20,18.03

19.5,20,18.03

19.5,20,18.03

19.5,20,18.03

19.5,19,18

19.5,19,18

19.5,20,18.03

19.5,20,18.03

19.5,20,18.03

19.5,20,18.03

19.5,20,18.03

19.5,20,18.03

19.5,20,18.03

19.5,20,18.03

19.5,20,18.03

6.8055434924815986e+38,6.805646932770577e+38,-7.684047460884767e+149

19.5,20,18.03

19.5,20,18.03

19.5,20,18.03

19.5,20,18.03

19.5,20,18.03

19.5,20,18.03

19.5,20,18.03

19.5,20,18.03

19.5,20,18.03

19.5,20,18.03

19.5,20,18.03

19.5,20,18.03

18.5,21,16.95

19.5,20,18.03

18.5,21,16.95

18.5,21,16.95

18.5,21,16.95

18.5,21,16.95

18.5,21,16.95

18.5,21,16.95

18.5,21,16.95

18.5,21,16.95

18.5,21,16.95

18.5,21,16.95

18.5,21,16.95

18.5,21,16.95

18.5,21,16.95

18.5,21,16.95

18.5,21,16.95

18.5,21,16.95

18.5,21,16.95

18.5,21,16.95

18.5,21,16.95

18.5,21,16.95

18.5,21,16.95

18.5,21,16.95

18.5,21,16.95

18.5,21,16.95

18.5,21,16.95

18.5,22,16.98

18.5,21,16.95

18.5,21,16.95

18.5,21,16.95

18.5,21,16.95

18.5,21,16.95

18.5,21,16.95

18.5,22,16.98

18.5,21,16.95

18.5,22,16.98

18.5,22,16.98

18.5,22,16.98

18.5,22,16.98

18.5,22,16.98

18.5,22,16.98

18.5,22,16.98

18.5,22,16.98

18.5,22,16.98

18.5,22,16.98

18.5,22,16.98

18.5,22,16.98

18.5,22,16.98

18.5,22,16.98

18.5,22,16.98

18.5,22,16.98

18.5,22,16.98

18.5,22,16.98

18.5,22,16.98

18.5,22,16.98

18.5,22,16.98

18.5,22,16.98

18.5,22,16.98

18.5,22,16.98

18.5,22,16.98

18.5,22,16.98

18.5,22,16.98

18.5,22,16.98

18.5,22,16.98

18.5,22,16.98

18.5,22,16.98

18.5,22,16.98

18.5,22,16.98

18.5,22,16.98

18.5,22,16.98

17.5,22,15.88

18.5,22,16.98

18.5,22,16.98

18.5,22,16.98

18.5,22,16.98

18.5,22,16.98

18.5,22,16.98

18.5,22,16.98

17.5,22,15.88

17.5,22,15.88

17.5,22,15.88

17.5,22,15.88

17.5,22,15.88

17.5,23,15.91

17.5,23,15.91

18.5,22,16.98

17.5,23,15.91

17.5,22,15.88

17.5,22,15.88

17.5,23,15.91

17.5,23,15.91

17.5,22,15.88

17.5,22,15.88

17.5,22,15.88

17.5,22,15.88

17.5,22,15.88

17.5,23,15.91

17.5,23,15.91

17.5,23,15.91

17.5,23,15.91

17.5,23,15.91

17.5,23,15.91

17.5,23,15.91

17.5,23,15.91

17.5,23,15.91

17.5,23,15.91

17.5,23,15.91

17.5,22,15.88

17.5,23,15.91

17.5,23,15.91

17.5,23,15.91

17.5,23,15.91

17.5,23,15.91

17.5,23,15.91

17.5,23,15.91

17.5,23,15.91

17.5,23,15.91

17.5,23,15.91

17.5,23,15.91

17.5,23,15.91

17.5,23,15.91

17.5,23,15.91

17.5,23,15.91

17.5,23,15.91

17.5,23,15.91

17.5,23,15.91

17.5,23,15.91

17.5,23,15.91

17.5,23,15.91

17.5,23,15.91

17.5,23,15.91

17.5,23,15.91

17.5,23,15.91

17.5,23,15.91

17.5,23,15.91

17.5,23,15.91

17.5,23,15.91

17.5,23,15.91

17.5,23,15.91

17.5,23,15.91

17.5,23,15.91

17.5,23,15.91

17.5,23,15.91

17.5,23,15.91

17.5,23,15.91

17.5,23,15.91

17.5,23,15.91

17.5,23,15.91

17.5,23,15.91

17.5,23,15.91

17.5,23,15.91

17.5,23,15.91

17.5,23,15.91

17.5,23,15.91

17.5,23,15.91

17.5,23,15.91

17.5,23,15.91

17.5,23,15.91

17.5,23,15.91

17.5,23,15.91

17.5,23,15.91

17.5,23,15.91

17.5,23,15.91

17.5,23,15.91

17.5,23,15.91

17.5,23,15.91

17.5,23,15.91

17.5,23,15.91

17.5,23,15.91

17.5,23,15.91

17.5,23,15.91

17.5,23,15.91

17.5,23,15.91

17.5,23,15.91

17.5,23,15.91

17.5,23,15.91

17.5,23,15.91

17.5,23,15.91

17.5,23,15.91

17.5,23,15.91

17.5,23,15.91

17.5,23,15.91

17.5,23,15.91

17.5,23,15.91

17.5,23,15.91

17.5,23,15.91

17.5,23,15.91

17.5,23,15.91

17.5,23,15.91

17.5,23,15.91

17.5,23,15.91

17.5,23,15.91

17.5,23,15.91

17.5,23,15.91

17.5,23,15.91

17.5,23,15.91

16.5,22,14.78

17.5,23,15.91

17.5,23,15.91

17.5,23,15.91

17.5,23,15.91

17.5,23,15.91

17.5,23,15.91

17.5,23,15.91

17.5,23,15.91

17.5,23,15.91

17.5,23,15.91

17.5,23,15.91

17.5,23,15.91

17.5,23,15.91

17.5,23,15.91

17.5,23,15.91

17.5,23,15.91

17.5,23,15.91

17.5,23,15.91

17.5,23,15.91

17.5,23,15.91

17.5,23,15.91

17.5,23,15.91

17.5,23,15.91

17.5,23,15.91

17.5,23,15.91

17.5,23,15.91

17.5,23,15.91

17.5,22,15.88

17.5,22,15.88

17.5,22,15.88

17.5,22,15.88

17.5,22,15.88

17.5,22,15.88

17.5,22,15.88

17.5,22,15.88

17.5,22,15.88

17.5,22,15.88

17.5,22,15.88

17.5,22,15.88

17.5,22,15.88

17.5,22,15.88

17.5,22,15.88

17.5,22,15.88

17.5,22,15.88

17.5,22,15.88

17.5,22,15.88

17.5,22,15.88

17.5,22,15.88

17.5,22,15.88

17.5,22,15.88

17.5,22,15.88

17.5,22,15.88

17.5,22,15.88

17.5,22,15.88

17.5,22,15.88

17.5,22,15.88

17.5,22,15.88

17.5,21,15.85

17.5,22,15.88

17.5,21,15.85

17.5,21,15.85

17.5,21,15.85

17.5,21,15.85

17.5,21,15.85

17.5,21,15.85

17.5,21,15.85

17.5,21,15.85

17.5,21,15.85

17.5,22,15.88

17.5,22,15.88

17.5,22,15.88

17.5,22,15.88

18.5,22,16.98

18.5,22,16.98

18.5,21,16.95

-0.5,6.805646932770577e+38,1.7770300324456506e+37

19.5,20,18.03

19.5,19,18

19.5,19,18

19.5,19,18

19.5,19,18

19.5,19,18

19.5,19,18

20.5,20,19.13

20.5,20,19.13

20.5,20,19.13

20.5,20,19.13

20.5,20,19.13

20.5,20,19.13

20.5,20,19.13

20.5,20,19.13

20.5,20,19.13

21.5,20,20.23

20.5,19,19.1

21.5,20,20.23

21.5,20,20.23

21.5,21,20.25

21.5,20,20.23

21.5,20,20.23

21.5,20,20.23

21.5,20,20.23

21.5,20,20.23

21.5,20,20.23

21.5,20,20.23

21.5,20,20.23

21.5,20,20.23

21.5,20,20.23

21.5,20,20.23

21.5,19,20.2

21.5,19,20.2

21.5,20,20.23

21.5,20,20.23

21.5,20,20.23

21.5,20,20.23

21.5,19,20.2

21.5,19,20.2

21.5,19,20.2

21.5,19,20.2

21.5,19,20.2

21.5,19,20.2

22.5,19,21.3

21.5,19,20.2

22.5,19,21.3

22.5,19,21.3

22.5,19,21.3

22.5,19,21.3

22.5,19,21.3

22.5,19,21.3

22.5,19,21.3

22.5,19,21.3

22.5,19,21.3

22.5,19,21.3

22.5,19,21.3

22.5,18,21.28

22.5,18,21.28

22.5,18,21.28

22.5,18,21.28

22.5,17,21.25

22.5,18,21.28

22.5,18,21.28

22.5,18,21.28

22.5,18,21.28

22.5,18,21.28

22.5,18,21.28

22.5,18,21.28

22.5,18,21.28

22.5,19,21.3

22.5,19,21.3

22.5,18,21.28

22.5,18,21.28

22.5,18,21.28

22.5,18,21.28

23.5,18,22.38

23.5,18,22.38

23.5,18,22.38

23.5,17,22.35

23.5,18,22.38

23.5,18,22.38

23.5,18,22.38

23.5,17,22.35

23.5,18,22.38

23.5,17,22.35

23.5,17,22.35

23.5,17,22.35

23.5,17,22.35

23.5,17,22.35

23.5,17,22.35

23.5,17,22.35

23.5,17,22.35

23.5,17,22.35

23.5,16,22.32

23.5,16,22.32

23.5,16,22.32

23.5,16,22.32

23.5,17,22.35

23.5,17,22.35

23.5,17,22.35

23.5,16,22.32

23.5,16,22.32

23.5,16,22.32

23.5,16,22.32

23.5,16,22.32

23.5,15,22.3

23.5,15,22.3

23.5,15,22.3

23.5,15,22.3

23.5,15,22.3

23.5,15,22.3

23.5,15,22.3

23.5,15,22.3

23.5,14,22.27

23.5,14,22.27

23.5,13,22.25

23.5,13,22.25

23.5,13,22.25

23.5,13,22.25

23.5,14,22.27

23.5,14,22.27

23.5,14,22.27

23.5,14,22.27

23.5,14,22.27

23.5,14,22.27

23.5,14,22.27

23.5,14,22.27

22.5,14,21.17

22.5,14,21.17

22.5,14,21.17

22.5,14,21.17

22.5,13,21.15

23.5,13,22.25

23.5,13,22.25

23.5,13,22.25

23.5,13,22.25

23.5,12,22.22

23.5,12,22.22

23.5,13,22.25

23.5,13,22.25

23.5,13,22.25

23.5,13,22.25

23.5,13,22.25

23.5,13,22.25

23.5,13,22.25

23.5,13,22.25

23.5,13,22.25

23.5,12,22.22

23.5,13,22.25

22.5,12,21.12

22.5,12,21.12

22.5,12,21.12

22.5,12,21.12

23.5,11,22.19

22.5,11,21.09

22.5,11,21.09

22.5,11,21.09

22.5,11,21.09

23.5,11,22.19

22.5,11,21.09

22.5,11,21.09

22.5,10,21.07

22.5,11,21.09

22.5,11,21.09

22.5,10,21.07

22.5,11,21.09

22.5,10,21.07

22.5,10,21.07

22.5,10,21.07

22.5,10,21.07

22.5,10,21.07

22.5,10,21.07

22.5,10,21.07

22.5,10,21.07

22.5,10,21.07

22.5,10,21.07

22.5,10,21.07

22.5,10,21.07

22.5,11,21.09

22.5,11,21.09

22.5,11,21.09

22.5,11,21.09

22.5,11,21.09

22.5,11,21.09

22.5,11,21.09

22.5,11,21.09

22.5,11,21.09

22.5,11,21.09

22.5,11,21.09

22.5,12,21.12

22.5,12,21.12

22.5,12,21.12

22.5,12,21.12

22.5,12,21.12

22.5,12,21.12

22.5,12,21.12

22.5,12,21.12

22.5,12,21.12

22.5,12,21.12

22.5,12,21.12

22.5,12,21.12

22.5,12,21.12

22.5,12,21.12

22.5,13,21.15

22.5,13,21.15

22.5,13,21.15

22.5,13,21.15

22.5,13,21.15

22.5,13,21.15

22.5,12,21.12

22.5,12,21.12

22.5,12,21.12

22.5,12,21.12

22.5,12,21.12

22.5,11,21.09

22.5,12,21.12

6.779062778503071e+38,6.805646932770577e+38,-7.62436576475865e+149

22.5,11,21.09

22.5,11,21.09

22.5,11,21.09

22.5,11,21.09

22.5,11,21.09

22.5,11,21.09

22.5,11,21.09

22.5,11,21.09

23.5,10,22.17

23.5,9,22.14

24.5,7,23.19

25.5,7,24.29

26.5,6,25.36

26.5,5,25.34

26.5,5,25.34

26.5,5,25.34

25.5,6,24.26

24.5,6,23.16

24.5,6,23.16

24.5,7,23.19

24.5,7,23.19

24.5,6,23.16

24.5,6,23.16

24.5,6,23.16

24.5,6,23.16

24.5,6,23.16

24.5,6,23.16

24.5,6,23.16

25.5,7,24.29

25.5,6,24.26

25.5,6,24.26

26.5,6,25.36

26.5,5,25.34

26.5,4,25.31

26.5,4,25.31

27.5,5,25.7

27.5,5,25.7

27.5,5,25.7

27.5,5,25.7

27.5,5,25.7

28.5,6,26.47

27.5,5,25.7

28.5,6,26.47

29.5,6,27.2

29.5,6,27.2

30.5,7,28

30.5,7,28

30.5,7,28

29.5,6,27.2

29.5,6,27.2

30.5,7,28

30.5,7,28

30.5,7,28

30.5,-2,27.54

30.5,7,28

31.5,7,28.75

31.5,7,28.75

30.5,7,28

28.5,6,26.47

28.5,6,26.47

27.5,5,25.7

27.5,5,25.7

27.5,5,25.7

27.5,5,25.7

27.5,6,25.77

27.5,6,25.77

27.5,6,25.77

26.5,6,25.36

26.5,6,25.36

26.5,6,25.36

26.5,6,25.36

26.5,6,25.36

26.5,6,25.36

26.5,7,25.39

26.5,7,25.39

26.5,7,25.39

26.5,7,25.39

26.5,7,25.39

26.5,7,25.39

26.5,8,25.41

26.5,8,25.41

26.5,8,25.41

26.5,8,25.41

25.5,7,24.29

25.5,8,24.31

26.5,7,25.39

25.5,8,24.31

26.5,8,25.41

25.5,8,24.31

25.5,8,24.31

25.5,8,24.31

25.5,8,24.31

25.5,8,24.31

25.5,8,24.31

25.5,9,24.34

25.5,9,24.34

25.5,9,24.34

25.5,9,24.34

25.5,9,24.34

25.5,9,24.34

25.5,9,24.34

25.5,9,24.34

25.5,9,24.34

25.5,9,24.34

24.5,9,23.24

25.5,10,24.37

24.5,9,23.24

24.5,9,23.24

24.5,9,23.24

24.5,9,23.24

24.5,9,23.24

24.5,9,23.24

24.5,9,23.24

24.5,9,23.24

24.5,9,23.24

24.5,10,23.27

24.5,10,23.27

24.5,10,23.27

24.5,10,23.27

24.5,10,23.27

24.5,10,23.27

24.5,10,23.27

24.5,10,23.27

24.5,10,23.27

24.5,10,23.27

24.5,10,23.27

24.5,10,23.27

24.5,10,23.27

24.5,10,23.27

24.5,10,23.27

24.5,10,23.27

24.5,10,23.27

24.5,10,23.27

23.5,10,22.17

24.5,10,23.27

23.5,10,22.17

23.5,10,22.17

24.5,10,23.27

23.5,10,22.17

23.5,11,22.19

23.5,11,22.19

23.5,11,22.19

23.5,11,22.19

23.5,11,22.19

23.5,11,22.19

23.5,11,22.19

23.5,11,22.19

23.5,11,22.19

23.5,11,22.19

23.5,11,22.19

23.5,11,22.19

23.5,11,22.19

23.5,11,22.19

23.5,11,22.19

23.5,11,22.19

23.5,11,22.19

23.5,11,22.19

23.5,11,22.19

23.5,11,22.19

23.5,12,22.22

23.5,12,22.22

23.5,12,22.22

23.5,12,22.22

23.5,12,22.22

23.5,12,22.22

23.5,12,22.22

23.5,12,22.22

23.5,12,22.22

23.5,12,22.22

23.5,12,22.22

23.5,12,22.22

23.5,12,22.22

23.5,12,22.22

23.5,12,22.22

23.5,12,22.22

23.5,12,22.22

23.5,12,22.22

23.5,12,22.22

23.5,12,22.22

23.5,12,22.22

23.5,12,22.22

23.5,12,22.22

23.5,12,22.22

23.5,12,22.22

22.5,12,21.12

22.5,12,21.12

22.5,12,21.12

23.5,12,22.22

22.5,12,21.12

22.5,12,21.12

22.5,12,21.12

22.5,12,21.12

22.5,12,21.12

22.5,12,21.12

22.5,12,21.12

22.5,12,21.12

22.5,12,21.12

22.5,12,21.12

22.5,12,21.12

22.5,12,21.12

22.5,12,21.12

22.5,12,21.12

22.5,12,21.12

22.5,12,21.12

22.5,12,21.12

22.5,12,21.12

22.5,12,21.12

22.5,12,21.12

22.5,12,21.12

22.5,12,21.12

22.5,12,21.12

22.5,12,21.12

22.5,12,21.12

22.5,12,21.12

22.5,12,21.12

22.5,12,21.12

22.5,12,21.12

22.5,12,21.12

22.5,12,21.12

22.5,12,21.12

22.5,12,21.12

22.5,12,21.12

22.5,12,21.12

22.5,12,21.12

22.5,12,21.12

22.5,12,21.12

22.5,12,21.12

22.5,12,21.12

22.5,12,21.12

22.5,12,21.12

22.5,12,21.12

22.5,12,21.12

22.5,12,21.12

22.5,12,21.12

22.5,12,21.12

22.5,12,21.12

22.5,12,21.12

22.5,12,21.12

22.5,12,21.12

22.5,12,21.12

22.5,12,21.12

22.5,12,21.12

22.5,12,21.12

22.5,12,21.12

22.5,12,21.12

22.5,12,21.12

22.5,12,21.12

22.5,12,21.12

22.5,12,21.12

22.5,12,21.12

22.5,12,21.12

22.5,12,21.12

22.5,12,21.12

22.5,12,21.12

22.5,12,21.12

22.5,12,21.12

22.5,12,21.12

22.5,12,21.12

22.5,12,21.12

22.5,12,21.12

22.5,12,21.12

22.5,12,21.12

22.5,12,21.12

22.5,12,21.12

22.5,12,21.12

22.5,12,21.12

22.5,12,21.12

22.5,12,21.12

22.5,12,21.12

22.5,12,21.12

22.5,12,21.12

22.5,12,21.12

21.5,12,20.02

22.5,12,21.12

22.5,12,21.12

22.5,12,21.12

22.5,12,21.12

21.5,12,20.02

22.5,12,21.12

22.5,12,21.12

22.5,13,21.15

21.5,13,20.05

21.5,13,20.05

21.5,12,20.02

21.5,12,20.02

21.5,12,20.02

22.5,12,21.12

21.5,13,20.05

21.5,13,20.05

21.5,12,20.02

21.5,12,20.02

21.5,12,20.02

21.5,12,20.02

21.5,12,20.02

21.5,12,20.02

21.5,12,20.02

21.5,12,20.02

21.5,12,20.02

21.5,13,20.05

21.5,12,20.02

21.5,13,20.05

21.5,12,20.02

21.5,13,20.05

21.5,13,20.05

21.5,13,20.05

21.5,13,20.05

21.5,13,20.05

21.5,13,20.05

21.5,13,20.05

21.5,13,20.05

21.5,12,20.02

21.5,13,20.05

21.5,13,20.05

21.5,13,20.05

21.5,13,20.05

21.5,13,20.05

21.5,13,20.05

21.5,13,20.05

21.5,13,20.05

21.5,13,20.05

21.5,13,20.05

21.5,13,20.05

21.5,13,20.05

21.5,13,20.05

21.5,13,20.05

21.5,13,20.05

21.5,13,20.05

21.5,13,20.05

21.5,13,20.05

21.5,13,20.05

21.5,13,20.05

21.5,13,20.05

21.5,13,20.05

21.5,13,20.05

21.5,13,20.05

21.5,13,20.05

21.5,13,20.05

21.5,13,20.05

21.5,13,20.05

21.5,13,20.05

21.5,13,20.05

21.5,13,20.05

21.5,13,20.05

21.5,13,20.05

21.5,13,20.05

21.5,13,20.05

21.5,13,20.05

21.5,13,20.05

21.5,13,20.05

21.5,13,20.05

21.5,13,20.05

21.5,13,20.05

21.5,13,20.05

21.5,13,20.05

21.5,13,20.05

21.5,13,20.05

21.5,13,20.05

21.5,13,20.05

21.5,13,20.05

21.5,13,20.05

21.5,13,20.05

21.5,13,20.05

21.5,13,20.05

21.5,13,20.05

21.5,13,20.05

21.5,13,20.05

21.5,13,20.05

21.5,13,20.05

21.5,13,20.05

21.5,13,20.05

21.5,13,20.05

21.5,13,20.05

21.5,13,20.05

21.5,13,20.05

21.5,13,20.05

21.5,13,20.05

21.5,13,20.05

21.5,13,20.05

21.5,13,20.05

21.5,13,20.05

21.5,13,20.05

20.5,12,18.92

21.5,13,20.05

21.5,13,20.05

20.5,12,18.92

21.5,13,20.05

20.5,12,18.92

20.5,12,18.92

21.5,13,20.05

20.5,12,18.92

20.5,12,18.92

20.5,12,18.92

20.5,12,18.92

20.5,12,18.92

20.5,12,18.92

20.5,12,18.92

21.5,13,20.05

20.5,12,18.92

20.5,12,18.92

20.5,12,18.92

20.5,12,18.92

20.5,12,18.92

20.5,12,18.92

20.5,12,18.92

20.5,12,18.92

20.5,12,18.92

20.5,12,18.92

20.5,12,18.92

20.5,12,18.92

20.5,12,18.92

20.5,12,18.92

20.5,12,18.92

20.5,12,18.92

20.5,12,18.92

20.5,12,18.92

20.5,12,18.92

20.5,12,18.92

20.5,12,18.92

20.5,12,18.92

20.5,12,18.92

20.5,12,18.92

20.5,12,18.92

20.5,12,18.92

20.5,12,18.92

20.5,12,18.92

20.5,12,18.92

20.5,12,18.92

20.5,12,18.92

20.5,12,18.92

20.5,12,18.92

20.5,13,18.95

20.5,12,18.92

20.5,12,18.92

20.5,12,18.92

20.5,13,18.95

20.5,12,18.92

20.5,12,18.92

20.5,12,18.92

20.5,12,18.92

20.5,12,18.92

20.5,12,18.92

20.5,13,18.95

20.5,13,18.95

20.5,13,18.95

20.5,13,18.95

20.5,13,18.95

20.5,13,18.95

20.5,13,18.95

20.5,13,18.95

20.5,13,18.95

20.5,13,18.95

20.5,13,18.95

20.5,13,18.95

20.5,13,18.95

20.5,13,18.95

20.5,13,18.95

20.5,13,18.95

20.5,13,18.95

20.5,13,18.95

20.5,13,18.95

20.5,13,18.95

20.5,13,18.95

20.5,13,18.95

20.5,13,18.95

20.5,13,18.95

20.5,13,18.95

-0.5,6.805646932770577e+38,1.7770300324456506e+37

20.5,13,18.95

20.5,13,18.95

20.5,13,18.95

20.5,13,18.95

20.5,13,18.95

20.5,13,18.95

20.5,13,18.95

20.5,13,18.95

20.5,13,18.95

20.5,13,18.95

20.5,13,18.95

20.5,13,18.95

20.5,13,18.95

20.5,13,18.95

20.5,13,18.95

20.5,13,18.95

20.5,13,18.95

20.5,13,18.95

20.5,13,18.95

20.5,13,18.95

20.5,13,18.95

20.5,14,18.97

20.5,13,18.95

20.5,13,18.95

20.5,14,18.97

20.5,13,18.95

20.5,13,18.95

20.5,14,18.97

20.5,13,18.95

20.5,13,18.95

20.5,14,18.97

20.5,13,18.95

20.5,14,18.97

20.5,14,18.97

20.5,14,18.97

20.5,14,18.97

20.5,14,18.97

20.5,14,18.97

20.5,14,18.97

20.5,14,18.97

20.5,14,18.97

20.5,14,18.97

20.5,14,18.97

20.5,14,18.97

20.5,14,18.97

20.5,14,18.97

20.5,14,18.97

20.5,14,18.97

20.5,14,18.97

20.5,14,18.97

20.5,14,18.97

20.5,14,18.97

21.5,15,20.1

20.5,14,18.97

20.5,14,18.97

21.5,15,20.1

20.5,14,18.97

20.5,14,18.97

20.5,14,18.97

20.5,15,19

20.5,15,19

20.5,15,19

20.5,15,19

20.5,15,19

20.5,15,19

20.5,15,19

20.5,15,19

20.5,16,19.02

20.5,15,19

21.5,17,20.15

21.5,17,20.15

21.5,17,20.15

21.5,17,20.15

21.5,17,20.15

21.5,17,20.15

21.5,17,20.15

21.5,17,20.15

21.5,17,20.15

21.5,17,20.15

21.5,18,20.18

21.5,18,20.18

21.5,18,20.18

21.5,18,20.18

21.5,18,20.18

21.5,18,20.18

21.5,18,20.18

21.5,18,20.18

21.5,18,20.18

21.5,18,20.18

21.5,18,20.18

21.5,18,20.18

21.5,18,20.18

21.5,19,20.2

21.5,19,20.2

21.5,19,20.2

21.5,19,20.2

21.5,19,20.2

21.5,19,20.2

21.5,19,20.2

21.5,19,20.2

21.5,19,20.2

21.5,20,20.23

21.5,19,20.2

21.5,20,20.23

21.5,19,20.2

21.5,19,20.2

undefined,undefined,undefined

undefined,undefined,undefined

undefined,undefined,undefined

undefined,undefined,undefined

temperature,humidity,heatIndex
,,

undefined,undefined,undefined

undefined,undefined,undefined

undefined,undefined,undefined

undefined,undefined,undefined

undefined,undefined,undefined

undefined,undefined,undefined

undefined,undefined,undefined

undefined,undefined,undefined

undefined,undefined,undefined

